titles,
Asus/华硕,顽石4代
Asus/华硕,X555YI
Hasee/神舟,战神
Asus/华硕,FX
MACHENIKE,机械师F117
Asus/华硕,顽石
雷神THUNDEROBOT,911
Hasee/神舟,战神
笔记本电脑富士通13寸15寸宽屏双核游戏本手提上网本超级本包邮,
Asus/华硕,飞行堡垒
Asus/华硕,F
Hasee/神舟,战神
QRTECH,麦本本
Asus/华硕,FX-
Hasee/神舟,战神
QRTECH,麦本本
Lenovo/联想,天逸
Dell/戴尔,灵越Ins15
Xiaomi/小米,小米笔记本AIR
Asus/华硕,灵耀
炫龙,炎魔T50
Lenovo/联想,G50-80
MACHENIKE,机械师T58
炫龙,毁灭者
炫龙,炎魔T1
Hasee/神舟,战神
Hasee/神舟,战神
Lenovo/联想,拯救者
炫龙,毁灭者DC
Hasee/神舟,战神
畅玩英雄联盟,笔记本电脑
14寸超薄刀锋游戏本手提笔记本电脑,双硬盘
Dell/戴尔,灵越15(3568)
MSI/微星,GL62M
Hasee/神舟,战神
Lenovo/联想,小新
QRTECH,麦本本
QRTECH,麦本本
联想笔记本电脑ThinkPad,T440
MACHENIKE,机械师T58
火影,金钢
Asus/华硕,顽石
Lenovo/联想,小新
Hasee/神舟,战神
titles,
Asus/华硕,顽石4代
Asus/华硕,X555YI
Hasee/神舟,战神
Asus/华硕,FX
MACHENIKE,机械师F117
Asus/华硕,顽石
雷神THUNDEROBOT,911
Hasee/神舟,战神
笔记本电脑富士通13寸15寸宽屏双核游戏本手提上网本超级本包邮,
Asus/华硕,飞行堡垒
Asus/华硕,F
Hasee/神舟,战神
QRTECH,麦本本
Asus/华硕,FX-
Hasee/神舟,战神
QRTECH,麦本本
Lenovo/联想,天逸
Dell/戴尔,灵越Ins15
Xiaomi/小米,小米笔记本AIR
Asus/华硕,灵耀
炫龙,炎魔T50
Lenovo/联想,G50-80
MACHENIKE,机械师T58
炫龙,毁灭者
炫龙,炎魔T1
Hasee/神舟,战神
Hasee/神舟,战神
Lenovo/联想,拯救者
炫龙,毁灭者DC
Hasee/神舟,战神
畅玩英雄联盟,笔记本电脑
14寸超薄刀锋游戏本手提笔记本电脑,双硬盘
Dell/戴尔,灵越15(3568)
MSI/微星,GL62M
Hasee/神舟,战神
Lenovo/联想,小新
QRTECH,麦本本
QRTECH,麦本本
联想笔记本电脑ThinkPad,T440
MACHENIKE,机械师T58
火影,金钢
Asus/华硕,顽石
Lenovo/联想,小新
Hasee/神舟,战神
titles,
Asus/华硕,顽石4代
Asus/华硕,X555YI
Hasee/神舟,战神
Asus/华硕,FX
MACHENIKE,机械师F117
Asus/华硕,顽石
雷神THUNDEROBOT,911
Hasee/神舟,战神
笔记本电脑富士通13寸15寸宽屏双核游戏本手提上网本超级本包邮,
Asus/华硕,飞行堡垒
Asus/华硕,F
Hasee/神舟,战神
QRTECH,麦本本
Asus/华硕,FX-
Hasee/神舟,战神
QRTECH,麦本本
Lenovo/联想,天逸
Dell/戴尔,灵越Ins15
Xiaomi/小米,小米笔记本AIR
Asus/华硕,灵耀
炫龙,炎魔T50
Lenovo/联想,G50-80
MACHENIKE,机械师T58
titles,
titles,
Asus/华硕,顽石4代
Asus/华硕,X555YI
Hasee/神舟,战神
Asus/华硕,FX
MACHENIKE,机械师F117
Asus/华硕,顽石
雷神THUNDEROBOT,911
Hasee/神舟,战神
笔记本电脑富士通13寸15寸宽屏双核游戏本手提上网本超级本包邮,
Asus/华硕,飞行堡垒
Asus/华硕,F
Hasee/神舟,战神
titles,
Asus/华硕,顽石4代
Asus/华硕,X555YI
Hasee/神舟,战神
Asus/华硕,FX
titles,
Asus/华硕,顽石4代
Asus/华硕,X555YI
Hasee/神舟,战神
Asus/华硕,FX
MACHENIKE,机械师F117
Asus/华硕,顽石
雷神THUNDEROBOT,911
Hasee/神舟,战神
笔记本电脑富士通13寸15寸宽屏双核游戏本手提上网本超级本包邮,
Asus/华硕,飞行堡垒
Asus/华硕,F
titles,
Asus/华硕,顽石4代
Asus/华硕,X555YI
Hasee/神舟,战神
Asus/华硕,FX
MACHENIKE,机械师F117
Asus/华硕,顽石
titles,
Asus/华硕,顽石4代
titles,
Asus/华硕,顽石4代
titles,
Asus/华硕,顽石4代
titles,
Asus/华硕,顽石4代
titles,
Asus/华硕,顽石4代
Hasee/神舟,战神
MACHENIKE,机械师F117
雷神THUNDEROBOT,911
笔记本电脑富士通13寸15寸宽屏双核游戏本手提上网本超级本包邮,
Asus/华硕,F
QRTECH,麦本本
Hasee/神舟,战神
titles,
Asus/华硕,顽石4代
Asus/华硕,X555YI
Hasee/神舟,战神
Asus/华硕,FX
MACHENIKE,机械师F117
Asus/华硕,顽石
titles,
Asus/华硕,顽石4代
Asus/华硕,X555YI
Hasee/神舟,战神
Asus/华硕,FX
MACHENIKE,机械师F117
Asus/华硕,顽石
雷神THUNDEROBOT,911
Hasee/神舟,战神
笔记本电脑富士通13寸15寸宽屏双核游戏本手提上网本超级本包邮,
Asus/华硕,飞行堡垒
Asus/华硕,F
Hasee/神舟,战神
QRTECH,麦本本
Asus/华硕,FX-
Hasee/神舟,战神
QRTECH,麦本本
Lenovo/联想,天逸
Dell/戴尔,灵越Ins15
Xiaomi/小米,小米笔记本AIR
Asus/华硕,灵耀
炫龙,炎魔T50
Lenovo/联想,G50-80
MACHENIKE,机械师T58
炫龙,毁灭者
炫龙,炎魔T1
Hasee/神舟,战神
Hasee/神舟,战神
Lenovo/联想,拯救者
炫龙,毁灭者DC
Hasee/神舟,战神
畅玩英雄联盟,笔记本电脑
14寸超薄刀锋游戏本手提笔记本电脑,双硬盘
Dell/戴尔,灵越15(3568)
MSI/微星,GL62M
Hasee/神舟,战神
Lenovo/联想,小新
QRTECH,麦本本
QRTECH,麦本本
联想笔记本电脑ThinkPad,T440
MACHENIKE,机械师T58
火影,金钢
Asus/华硕,顽石
Lenovo/联想,小新
Hasee/神舟,战神
titles,
Asus/华硕,顽石4代
Asus/华硕,X555YI
Hasee/神舟,战神
Asus/华硕,FX
MACHENIKE,机械师F117
Asus/华硕,顽石
雷神THUNDEROBOT,911
titles,
Asus/华硕,顽石4代
Asus/华硕,X555YI
Hasee/神舟,战神
Asus/华硕,FX
MACHENIKE,机械师F117
Asus/华硕,顽石
雷神THUNDEROBOT,911
Hasee/神舟,战神
笔记本电脑富士通13寸15寸宽屏双核游戏本手提上网本超级本包邮,
titles,
Asus/华硕,顽石4代
Asus/华硕,X555YI
Hasee/神舟,战神
titles,
Asus/华硕,顽石4代
Asus/华硕,X555YI
Hasee/神舟,战神
Asus/华硕,FX
MACHENIKE,机械师F117
Asus/华硕,顽石
雷神THUNDEROBOT,911
Hasee/神舟,战神
笔记本电脑富士通13寸15寸宽屏双核游戏本手提上网本超级本包邮,
Asus/华硕,飞行堡垒
Asus/华硕,F
Hasee/神舟,战神
QRTECH,麦本本
Asus/华硕,FX-
Hasee/神舟,战神
QRTECH,麦本本
Lenovo/联想,天逸
Dell/戴尔,灵越Ins15
Xiaomi/小米,小米笔记本AIR
Asus/华硕,灵耀
炫龙,炎魔T50
Lenovo/联想,G50-80
MACHENIKE,机械师T58
炫龙,毁灭者
炫龙,炎魔T1
Hasee/神舟,战神
Hasee/神舟,战神
Lenovo/联想,拯救者
炫龙,毁灭者DC
Hasee/神舟,战神
titles,
titles,
