itemid,user,sku,date,content
545982727848,粉***y,,2017年08月11日 14:10,好看好看，特别可爱的支架！
545982727848,b***y,,2017年08月11日 18:40,几次买都超棒棒棒棒棒，这次还送了姐姐的小胸针，上次是可爱的民国，都超级喜欢，谢谢店主！
545982727848,1***m,,2017年08月11日 13:53,不错，很牢固的样子
545982727848,t***1,,2017年08月02日 15:17,女朋友十分喜欢！好评，
545982727848,哎***7,,2017年07月20日 17:22,很nice！
545982727848,s***5,,2017年08月15日 12:08,可以，就是有点大
545982727848,t***9,,2017年08月07日 13:10,不知道为什么会出现两个问号，但是手机扣的泰妍小姐姐形象超级可爱~
554631453316,老***熊,大小:全新未拆--粉版,2017年07月31日 12:30,包得特别好，还送了好多小礼物，开心?
545982727848,k***9,,2017年07月12日 19:20,不知道为什么会出现两个问号，但是手机扣的泰妍小姐姐形象超级可爱~
554631453316,d***e,大小:全新未拆--粉版,2017年08月01日 21:48,今天一起到的，外包装挺不错，多谢店家的小礼物?
545982727848,t***w,,2017年07月17日 15:40,和照片一模一样，比我想象中的大一点点?质量很好，粘上了不容易掉下来?
554631453316,予***9,大小:无卡裸专--蓝版,2017年07月31日 23:12,我的ty超级超级好看了???表白我羊崽
545982727848,t***5,,2017年07月01日 21:21,好看
554631453316,龙***2,大小:全新未拆--粉版,2017年08月01日 17:26,之前买了后就差一张粉版，价格也很实惠，送了很多小礼物，谢谢店主?
545982727848,殛***a,,2017年07月08日 23:21,真的超级好看
554631453316,t***7,大小:全新未拆--蓝版,2017年08月16日 17:41,专辑的角被磨弯了
545982727848,千***o,,2017年07月09日 09:47,挺好的  作为粉丝  怎么都值
554631453316,雨***雨,大小:无卡裸专--蓝版,2017年07月31日 11:01,东西很好，店家还送了小礼物。运费略贵 ，因为是空运，不过速度很快。
545982727848,芮***傻,,2017年07月02日 18:57,东西很好，很喜欢，就是有点小贵
554631453316,h***e,大小:全新未拆--蓝版,2017年07月16日 15:43,特别好的果达 我是直接下单的性格 没有跟店主沟通过 只备注了想要扑克牌 店主不仅给了我扑克牌 还送了很多其他的 虽然我在抽吧买专辑的时候已经送过了 但还是超级无敌感谢店主的热心 专辑也包的特别厚实 笔芯
545982727848,露***苏,,2017年07月05日 10:49,超可爱 大爱我抽队
554631453316,t***1,大小:全新未拆--蓝版,2017年07月03日 11:42,昨天买，今天就送到了！棒棒哒！其实已经买了粉版的了，后面纠结一下，还是凑一套吧，哈哈
545982727848,z***s,,2017年06月14日 18:01,是泰妍必须好评
554631453316,h***x,大小:无卡裸专--蓝版,2017年07月10日 18:33,专辑很好，还送了很多赠品，我最喜欢这个了好可爱，哈哈哈
545982727848,烟***空,,2017年06月07日 19:30,女神超可爱~
554631453316,徐***7,大小:全新未拆--蓝版,2017年07月12日 19:04,收到啦   哈哈哈哈   因为在抽吧买的有点&rarr;_&rarr;嗯&hellip;所以重买了蓝色的     谢谢你包装的这么好   下次还会来的呢   还送了鼠标垫和其他的小礼物！卖家人特别好^&omega;^么么哒
545982727848,人***1,,2017年06月25日 12:54,啊啊啊啊 收到货了, 作为果达  真的超级喜欢店家送的两张照片 而且真的好好看！ 必须好评
554631453316,l***5,大小:无卡裸专--粉版,2017年07月13日 20:52,拿到手那一刻 幸福！
545982727848,5***y,,2017年07月29日 10:11,非常不错，图就偷楼下得吧
554631453316,橘***蠢,大小:无卡裸专--粉版,2017年07月09日 20:04,( ?*｀)超级棒
545982727848,l***5,,2017年06月22日 19:17,宝贝收到了，性价比还不错，希望继续优惠保持下去
554631453316,s***y,大小:无卡裸专--蓝版,2017年07月14日 07:30,凑了一套，很好很好
545982727848,i***女,,2017年06月23日 16:47,东西买的和之前完全不一样支架也是坏的  图也特别糊找客服客服不理我太失望
554631453316,我***记,大小:无卡裸专--粉版,2017年07月07日 13:12,卖家服务态度很好 发货速度也很快 还送了很多周边
554631453316,l***5,大小:无卡裸专--蓝版,2017年07月13日 20:52,拿到手那一刻 幸福！
554631453316,一***达,大小:全新未拆--蓝版,2017年08月01日 15:28,此用户没有填写评价。
554631453316,风***5,大小:全新未拆--蓝版,2017年08月02日 20:55,此用户没有填写评价。
554631453316,一***n,大小:无卡裸专--粉版,2017年07月10日 14:52,此用户没有填写评价。
554631453316,允***i,,2017年08月01日 10:00,评价方未及时做出评价,系统默认好评!
554631453316,t***0,,2017年08月15日 11:51,评价方未及时做出评价,系统默认好评!
522759448586,迷***5,颜色分类:专辑带海报A款 现货,2017年08月01日 08:17,送同学的礼物，没打开不知道怎么样   以后问一下来追评吧
522759448586,最***勋,颜色分类:专辑带海报A款 现货,2017年08月16日 14:19,其他没有什么   就是等得太久了
522759448586,怒***帅,颜色分类:全新专辑送小卡 现货,2017年08月05日 10:37,挺不错的 很满意
522759448586,a***3,颜色分类:专辑带海报A款 现货,2017年07月17日 09:08,角有一c被磕到。整w是不e的，海笠餐好，送了小卡片
522759448586,t***4,颜色分类:全新专辑送小卡 预定,2017年07月13日 16:59,还不错
522759448586,u***u,颜色分类:专辑带海报A款 现货,2017年07月17日 17:54,海报很大 泰古内页zzang～
522759448586,金***友,颜色分类:专辑带海报A款 现货,2017年06月23日 22:50,快递挺快，送来的没有褶皱。很喜欢 五星好评
522759448586,小***9,颜色分类:现货 全新专辑送小卡,2017年06月18日 17:11,非常棒  物流快  店主的服务也是很棒的  值得果达们去购买 ！！
532868966280,叫***咯,,2017年08月17日 12:29,送给朋友的，朋友很喜欢，里面东西很多，客服售后态度也很好，五星好评！
522759448586,月***日,颜色分类:现货 全新专辑送小卡,2017年06月11日 11:27,海报免费送的 很好啊
532868966280,泰***i,,2017年07月20日 20:16,宝贝特别好，我特别满意
522759448586,t***6,颜色分类:现货 全新专辑送小卡,2017年06月16日 23:23,海报免费送的 很好啊
532868966280,j***1,,2017年07月30日 20:59,东西很好  
522759448586,b***b,颜色分类:现货 全新专辑送小卡,2017年06月27日 12:50,很喜欢  速度很快 谢谢卖家
532868966280,t***2,,2017年07月03日 21:43,送给朋友的，朋友说非常喜欢，所以给了个好评
522759448586,何***5,颜色分类:专辑带海报A款 现货,2017年06月08日 11:36,专辑收到了，包装完好，就是有点撞角了，店家还送了三张小卡，不错，开封以后会来追评
532868966280,l***笋,,2017年07月08日 14:38,应该挺好的吧，帮妹妹的同学买的
522759448586,p***x,颜色分类:现货 全新专辑送小卡,2017年06月16日 21:35,朋友很喜g
532868966280,加***歌,,2017年07月17日 11:33,非常的喜欢啊
522759448586,巴***0,颜色分类:现货 全新专辑送小卡,2017年06月17日 01:57,挺喜欢的，还带有收据
532868966280,4***暖,,2017年06月17日 13:22,
522759448586,1***6,颜色分类:现货 全新专辑送小卡,2017年06月21日 22:36,帮泰妍小迷弟买的嘿嘿
532868966280,周***3,,2017年06月27日 14:50,
522759448586,k***7,颜色分类:预定 全新专辑送小卡,2017年05月29日 18:08,好好好，非常开心。
532868966280,怀***人,,2017年06月17日 12:20,虽说出了点问题但还是很值得买的！有需要还会来的
522759448586,t***2,颜色分类:全新专辑送小卡 现货,2017年07月26日 17:50,大爱泰妍
532868966280,郭***6,,2017年05月25日 17:41,不错，女儿很喜欢
522759448586,汐***4,颜色分类:专辑带海报A款 现货,2017年05月18日 12:59,等了很久  有些碰撞   挺不错的    15年的现在才买 ?
532868966280,无***y,,2017年05月09日 20:56,很喜欢，非常棒
522759448586,l***7,,2017年05月23日 17:50,真的好漂亮。。。。好看的想哭???
532868966280,冷***雪,,2017年06月06日 18:31,很喜欢
522759448586,r***p,颜色分类:现货 全新专辑送小卡,2017年06月05日 12:42,非常满意，满分好评，坐等少时新专
532868966280,小***苗,,2017年06月02日 08:21,很喜欢
532868966280,t***9,,2017年05月08日 13:42,么么哒
532868966280,鹿***4,,2017年05月22日 17:50,给朋友的生日礼物，挺棒的，需要会再次购
532868966280,很***孤,,2017年05月19日 12:44,东西真的很棒很棒啊，是买来送朋友的，东西感觉是很精致的呢，物流速度也还行，不错的哟
532868966280,离***悠,,2017年06月06日 22:50,好喜欢的，包装也很好，海报很清晰，美美哒
532868966280,追***孩,,2017年05月04日 19:26,东西挺多的，很漂亮
532868966280,阿***！,,2017年04月14日 00:10,超棒哦，买给朋友说很喜欢
532868966280,宝***8,,2017年04月09日 15:20,超棒哦，买给朋友说很喜欢
526970296170,l***丫,大小:无海报&nbsp;&nbsp颜色分类:全新专辑送小卡礼物,2017年08月12日 16:31,东西很好，送了很多的礼物
526970296170,一***4,大小:带海报&nbsp;&nbsp颜色分类:全新专辑送小卡礼物,2017年07月23日 20:28,刚下单的时候超级期待的呀！男友很喜欢泰妍小姐姐，所以就决定送专辑！第一次送男友礼物呢！收到包裹的时候特别开心，就是没有海报有点小失落，不过后来店家也补发了，总之呢，就是很满意啦，男友收到礼物也很开心！
526970296170,a***3,大小:无海报&nbsp;&nbsp颜色分类:全新专辑送小卡礼物,2017年08月15日 22:23,给朋友买的。还行。等得有些不耐烦了。最后客服加快处理了。但朋友说内页有点黄。
526970296170,破***话,大小:带海报&nbsp;&nbsp颜色分类:全新专辑送小卡礼物,2017年07月29日 13:02,家里总感觉缺点什么，一张专辑刚好补上了。确实很喜欢，海报还没有打开看看，小卡也挺好看的，哈哈。好评一个～～  支持少女时代
526970296170,印***达,大小:带海报&nbsp;&nbsp颜色分类:全新专辑送小卡礼物,2017年07月01日 21:30,好评好评！快递比我想象的快好多！东西超棒，甚至还有进口过来的账单记录？！全韩语的货真价实！好评！
526970296170,t***4,大小:无海报&nbsp;&nbsp颜色分类:全新专辑送小卡礼物,2017年07月13日 16:59,喜欢?
526970296170,麋***0,大小:带海报&nbsp;&nbsp颜色分类:全新专辑送小卡礼物,2017年07月14日 20:08,超赞了
527003138075,灬***丶,颜色分类:金色,2017年07月30日 11:19,\\(^o^)/~
526970296170,笔***谦,大小:无海报&nbsp;&nbsp颜色分类:全新专辑送小卡礼物,2017年07月15日 16:07,朋友很喜欢 物流也快
527003138075,j***0,颜色分类:金色,2017年07月19日 11:29,很不错，很喜欢，泰古最棒
526970296170,月***星,大小:无海报&nbsp;&nbsp颜色分类:全新专辑送小卡礼物,2017年06月22日 09:22,物流快 应该是正版 CD做的很精美 歌曲也好听 而且送了赠品以后还会光顾
527003138075,达***s,颜色分类:银色,2017年07月07日 14:50,不错，好看
526970296170,黎***2,,2017年03月27日 12:50,对不起啊，拖的太久了，真心喜欢，泰妍最漂亮。
527003138075,是***啊,颜色分类:银色,2017年07月10日 21:42,炒鸡好看
526970296170,j***o,大小:带海报&nbsp;&nbsp颜色分类:全新专辑送小卡礼物,2017年06月11日 10:08,对不起啊，拖的太久了，真心喜欢，泰妍最漂亮。
527003138075,人***9,颜色分类:金色,2017年06月26日 14:21,一如既往的好。
526970296170,巴***0,大小:无海报&nbsp;&nbsp颜色分类:全新专辑送小卡礼物,2017年06月17日 01:57,评价方未及时做出评价,系统默认好评!
527003138075,焦***叶,颜色分类:金色,2017年04月12日 19:40,小小的很精致 没想到包装这么好 好评
526970296170,m***e,大小:带海报&nbsp;&nbsp颜色分类:全新专辑送小卡礼物,2017年06月23日 14:25,送给朋友当礼物 是正品 特别赞 她很喜欢
527003138075,致***爱,颜色分类:金色,2017年04月07日 01:40,一收到就碓ur了，直喜g的不行，真的炒u喜g，回的，好u好u
526970296170,童***i,大小:带海报&nbsp;&nbsp颜色分类:全新专辑送小卡礼物,2017年06月16日 00:44,不错正版的有小票，很开心
527003138075,御***魂,颜色分类:银色,2017年04月06日 12:40,东西不错，挺好的，为了泰古
526970296170,z***6,大小:带海报&nbsp;&nbsp颜色分类:全新专辑送小卡礼物,2017年06月23日 21:40,宝贝如实，发货迅速，好评！
527003138075,t***8,颜色分类:金色,2017年04月05日 17:51,很喜欢，为了我家泰妍而来
526970296170,呵***1,大小:带海报&nbsp;&nbsp颜色分类:全新专辑送小卡礼物,2017年06月09日 15:50,专辑挺不错 还有海报 物流挺快的
527003138075,磐***姬,颜色分类:银色,2017年02月28日 19:21,宝贝收到，女儿很喜欢，已经贴在手机上了！好评！
526970296170,静***4,大小:无海报&nbsp;&nbsp颜色分类:全新专辑送小卡礼物,2017年05月20日 16:25,好好好特别美
527003138075,w***0,颜色分类:金色,2017年03月06日 19:46,东西非常好，便宜实惠
526970296170,刘***姐,大小:带海报&nbsp;&nbsp颜色分类:全新专辑送小卡礼物,2017年05月07日 13:24,很好，屋里泰古
527003138075,转***头,颜色分类:金色,2017年02月26日 22:08,很精致，本来只想买一个贴手机上，结果买了好多，贴上很好看，客服很耐心
526970296170,烂***醉,大小:无海报&nbsp;&nbsp颜色分类:全新专辑送小卡礼物,2017年05月17日 23:02,泰妍和帕尼的专辑已经到了，好高兴，包装的很好，物流也快，以后会来这家店买！
527003138075,h***i,颜色分类:银色,2017年07月01日 18:19,不怎么满意
526970296170,r***p,大小:无海报&nbsp;&nbsp颜色分类:全新专辑送小卡礼物,2017年06月05日 12:42,不错朋友很喜欢海报用管子封的点赞
527003138075,强***龙,颜色分类:金色,2017年03月11日 11:32,很精@很美
527003138075,单***狗,颜色分类:银色,2017年03月10日 16:26,很快啊，很喜欢?
527003138075,i***j,颜色分类:金色,2017年05月11日 15:41,很漂亮的签名，为了泰妍买的，虽然已经到货但舍不得贴&hellip;&hellip;运费有点贵了&hellip;&hellip;
527003138075,明***l,颜色分类:银色,2017年05月03日 18:59,这么小一件花了我11块钱真真的不值?，快递速度还是很满意的
527003138075,妖***瞳,颜色分类:金色,2017年04月12日 12:28,欧尼fighting！！！
527003138075,龙***爱,颜色分类:金色,2017年03月06日 10:26,真的真的太漂亮了蝴蝶右边和左边要是在一起就好了，因为我贴错了，邮费贵
527003138075,t***3,颜色分类:金色,2017年03月30日 17:00,还不错
543065153283,v***子,,2017年08月12日 22:33,泰妍啊！撒浪嘿哟！物流很快还送了两张拍立得，质量也很好，超值，店主我爱你！
543065153283,夏***语,,2017年07月16日 00:28,忘配图了哈哈哈
543065153283,殛***a,,2017年07月08日 23:21,忘配图了哈哈哈
543065153283,薛***8,,,大爱我泰！！超级好看！卖家是个超级好的人，送了一个还！好评！质量也挺好的双面的哟！
543065153283,k***n,,2017年05月25日 08:22,东西很好，很喜欢
543065153283,t***5,,2017年04月24日 12:40,超级喜欢
543065153283,t***9,,2017年06月29日 17:51,超级喜欢
535952897865,光***3,颜色分类:金泰妍明信片,2017年07月05日 08:08,漂亮大气，做的精美，我拿这个快寄完了，再买一盒准备
543065153283,凉***姐,,2017年07月05日 16:49,15天内买家未作出评价
535952897865,信***u,颜色分类:金泰妍明信片,2017年07月09日 16:00,送同学的，很棒
543065153283,s***华,,2017年06月11日 15:18,kuai
535952897865,我***去,,2017年05月10日 23:00,很好看，女神
543065153283,l***k,,2017年04月01日 18:17,宝贝相符，我羊好可爱啊！
535952897865,陈***3,颜色分类:金泰妍明信片,2017年07月06日 08:22,很好看，女神
543065153283,江***书,,2017年05月01日 10:10,超好看的泰
535952897865,我***o,颜色分类:金泰妍明信片,2017年06月30日 10:49,评价方未及时做出评价,系统默认好评!
543065153283,哀***年,,2017年07月06日 20:59,泰妍泰妍泰妍爱你
535952897865,镜***7,颜色分类:金泰妍明信片,2017年06月21日 23:13,质量很好。
543065153283,t***2,,2017年03月24日 17:02,老婆超级可爱的呢哼，承包泰妍，说休想的都是后面的
535952897865,泰***0,颜色分类:金泰妍明信片,2017年06月09日 15:12,很好看，还送了歌词海报，平时在实体店买要15块钱，在这里买只要9.9真的超级划算的，物流和其他都很好
543065153283,小***闪,,2017年07月29日 20:11,具体看图? 质量很好！超喜欢！ 店家生意兴隆  ！！！
535952897865,元***2,颜色分类:金泰妍明信片,2017年06月11日 13:05,图片清晰，印刷好
543065153283,科***6,,2017年08月08日 16:16,我家羊真的美
535952897865,西***红,颜色分类:金泰妍明信片,2017年06月21日 17:55,非常好，不错的一次购物
543065153283,c***8,,2017年08月03日 18:21,挺好的
535952897865,小***3,颜色分类:金泰妍麻绳照片墙A款,2017年05月22日 09:29,挺好的都不错
543065153283,我***9,,2017年08月14日 16:01,可爱
535952897865,白***o,颜色分类:金泰妍明信片,2017年07月20日 15:11,拍的挺好看的，好评
543065153283,d***藜,,2017年07月28日 16:10,棒棒棒棒
535952897865,小***猫,颜色分类:水晶卡贴C款,2017年07月23日 00:01,送给同学的生日礼物，挺好的，喜欢
543065153283,c***8,,2017年07月24日 18:10,此用户没有填写评价。
535952897865,我***霖,颜色分类:金泰妍水晶卡贴A款,2017年05月22日 10:58,都是RAIN之前的，唉，希望能有why的
543065153283,筱***3,,2017年04月09日 17:56,评价方未及时做出评价,系统默认好评!
535952897865,我***霖,颜色分类:金泰妍水晶卡贴B款,2017年05月22日 10:58,东西到倒是到了，而且物流挺快，卡的质量也挺好，就是有一点不好 ，卡的味道太重了而且很难闻，希望商家能改进这一点
535952897865,年***1,颜色分类:金泰妍明信片,2017年07月18日 15:07,整体来看都不错
535952897865,t***2,颜色分类:金泰妍明信片,2017年04月04日 20:23,很好，我很满意。
535952897865,t***7,颜色分类:金泰妍明信片,2017年03月30日 11:14,虽然和图片不怎么一样 但是还满意 送人的
535952897865,l***d,颜色分类:金泰妍明信片,2017年03月06日 16:42,宝贝质量很好，很喜欢，和图片上一样好看，下次还会再来你家买
535952897865,清***贝,颜色分类:金泰妍明信片,2017年07月06日 23:00,感觉挺不错的，照片很高清，只是上面的歌词一直重复，总体来说挺好的，建议购买
535952897865,大***丁,颜色分类:金泰妍明信片,2017年02月28日 19:53,泰妍最高！一百个赞
542269791059,t***0,,2017年08月06日 16:37,泰妍美美哒
542269791059,g***f,,2017年08月04日 16:33,泰妍太美了，包装很好，里面也不少，赞。
542269791059,f***m,,2017年07月28日 09:13,儿子喜欢暑假要买，想想自己年轻时候也有偶像，算了几十元钱的东西，就是不明白有什么好的？
542269791059,爱***贝,,2017年06月27日 09:29,挺好的，很全
542269791059,t***4,,2017年05月09日 22:12,与描述完全相符，简直太开心了
542269791059,t***2,,2017年05月25日 09:37,泰妍?????好喜欢呀
542269791059,唯***引,,2017年06月11日 18:09,快递很烦，但是不能迁怒于这个商品，东西还是很好的
552754347222,p***5,大小:相盒书签 有礼盒&nbsp;&nbsp颜色分类:郑秀妍2,2017年08月16日 13:05,这个书签非常精美，很有分量，照片也很清楚，物美价廉～而且物流特别快，昨天下的订单今天就到了，会再来光顾的！
542269791059,l***爷,,2017年04月10日 19:00,今天刚收到货 感觉很不错 下次再来买
552754347222,n***安,颜色分类:金泰妍4,2017年08月02日 13:01,私心满满，一口气买了四个。包装的特别好都没有损坏。特别喜欢！客服也很好！物流也很快，第二天就到了。
542269791059,柔***2,,2017年06月02日 10:34,帮别人买的，不知道是啥，不过客服态度挺好的，少发了，然后又补发的，生意兴隆哈
552754347222,李***年,颜色分类:林允儿2,2017年08月11日 18:39,物流很快，宝贝很好，朋友很喜欢。
542269791059,y***8,,2017年03月28日 11:45,送给朋友，她好喜欢，哈哈
552754347222,w***晖,颜色分类:金泰妍2,2017年07月23日 17:04,姑娘期待已久的宝贝到手了，看着不错，宝贝喜欢
542269791059,爱***7,,2017年03月03日 20:09,礼品包装很赞 喜欢
552754347222,w***晖,颜色分类:郑秀妍2,2017年07月23日 17:04,姑娘期待已久的书签，感觉不错，宝贝喜欢。
542269791059,赵***w,,2017年03月29日 08:51,好
552754347222,t***9,大小:相盒书签 有礼盒&nbsp;&nbsp颜色分类:要定制图片的 亲 发图给客服,2017年08月14日 19:05,东西还可以，就是礼盒做工粗糙，两块买了个小破盒hh，有待改进
542269791059,t***3,,2017年03月30日 16:59,还不错，但是好像有十张明信片好像有点弄坏了刮花了什么的。
552754347222,殇***柔,颜色分类:林允儿5,2017年07月15日 15:46,因为地址原因很晚才拿到，但是宝贝真的很好看哦，书签不算很大但很精致，赞
542269791059,s***0,,2017年06月16日 15:03,非常漂亮！！！第二次来这家店了。 物流也非常给力！。 大赞！  
552754347222,孔***8,大小:相盒书签 无礼盒&nbsp;&nbsp颜色分类:金泰妍2,2017年08月12日 17:02,不错不错不错不错不错
542269791059,g***u,,2017年04月04日 23:54,收到了马上就拆开试了试，合适，这么便宜买到这么好的宝贝实在是太划算了，质量也不错，物流也快全五分好评
552754347222,顺***厂,颜色分类:要定制图片的 亲 发图给客服,2017年08月12日 06:35,很酷
542269791059,暮***夕,,2017年05月03日 14:49,好看，我的金哥哥啊啊啊啊啊啊啊啊啊啊啊啊啊啊啊啊啊啊！！！
552754347222,t***8,,2017年07月20日 17:12,评价方未及时做出评价,系统默认好评!
542269791059,宇***月,,2017年04月02日 16:56,很好很好好好
552754347222,0***0,颜色分类:郑秀妍1,2017年06月23日 22:07,此用户没有填写评价。
542269791059,我***四,,2017年07月10日 21:47,好评
552754347222,t***7,,2017年07月29日 14:41,评价方未及时做出评价,系统默认好评!
542269791059,忘***i,,2017年04月30日 10:19,好
552754347222,r***丶,,2017年07月30日 22:00,评价方未及时做出评价,系统默认好评!
542269791059,天***毛,,2017年02月27日 09:14,很好
552754347222,n***安,颜色分类:金泰妍2,2017年08月02日 13:01,此用户没有填写评价。
552754347222,n***安,颜色分类:郑秀妍3,2017年08月02日 13:01,此用户没有填写评价。
552754347222,小***宝,,2017年08月02日 09:24,评价方未及时做出评价,系统默认好评!
552754347222,l***x,颜色分类:金泰妍2,2017年08月09日 08:14,此用户没有填写评价。
552754347222,w***r,颜色分类:林允儿2,2017年08月09日 10:30,此用户没有填写评价。
552754347222,t***4,,2017年08月04日 10:50,评价方未及时做出评价,系统默认好评!
552754347222,z***g,,2017年07月14日 23:00,评价方未及时做出评价,系统默认好评!
546015499113,s***狸,大小:全新未拆,2017年08月07日 23:13,自己不在学校找同学代收的，同学说没有问题(?｀)
546015499113,老***熊,大小:全新未拆,2017年07月31日 12:30,包得特别好，店主送了好多小礼物，简直惊喜！
546015499113,希***5,大小:全新未拆,2017年08月05日 12:10,很好，非常好
546015499113,我***石,大小:全新未拆,2017年07月24日 22:02,第三次买，超满足。
546015499113,x***空,大小:全新未拆,2017年07月26日 12:56,谢谢小礼品
546015499113,乐***l,大小:全新未拆,2017年07月06日 22:17,真的是超级实惠了why宝超级美，送的扇子和鼠标垫也超好看以后会经常买的???
546015499113,前***8,大小:全新未拆,2017年07月05日 01:05,这种季节能用三天的时间就送到货也是棒棒哒~ 抽到了喜欢的小卡，店家还送了一个泰古的鼠标垫~ 不过就是边角有一点点微微的瑕疵，但是不算太大可以忍，泰妍大发吧！
546015499113,徐***7,大小:全新未拆,2017年07月12日 19:04,收到啦   哈哈哈哈   因为在抽吧买的有点&rarr;_&rarr;嗯&hellip;所以重买了蓝色的     谢谢你包装的这么好   下次还会来的呢   还送了鼠标垫和其他的小礼物！嘿嘿爱你哟！卖家人特别好^&omega;^么么哒
546832175270,飞***0,颜色分类:林允儿限量版写真集-蓝色封面,2017年08月14日 10:46,她是我最追星的，我以后会买
546015499113,陶***6,大小:全新未拆,2017年07月23日 17:24,很好，喜欢
546832175270,t***1,颜色分类:少女时代尊享土豪礼盒赠全套赠品,2017年08月11日 08:46,十分精美
546015499113,l***5,大小:不带卡已拆,2017年07月13日 20:52,拿到手那一刻 幸福！
546832175270,x***5,颜色分类:少女时代精装写真集-红色封面,2017年07月15日 10:06,宝贝与描述相符卖家发货速度也快卖家物流也快速我很喜欢
546015499113,t***9,大小:全新未拆,2017年07月14日 18:39,物流真心快！店主还送了好多小礼物，尤其是扑克牌好喜欢的哈哈哈
546832175270,蔡***6,颜色分类:林允儿典藏写真礼盒装,2017年07月30日 16:04,物流很快，东西也很不错
546832175270,q***臻,颜色分类:少女时代精装写真集赠豪礼,2017年04月30日 21:42,里面有2本书是一样的
546015499113,惯***性,,2017年06月18日 14:34,还送了个鼠标垫..正好缺一个..多谢
546832175270,西***下,颜色分类:林允儿新款明信片180盒装,2017年04月26日 15:50,里面有2本书是一样的
546015499113,c***g,,2017年06月17日 13:42,很好~还送了把扇子
546832175270,t***6,颜色分类:林允儿武神同款限量版写真,2017年03月21日 22:21,此用户没有填写评价。
546015499113,漤***i,,2017年05月07日 16:52,昨天买今天到了神速
546832175270,亚***脑,颜色分类:林允儿明信片小礼盒134套装,2017年06月09日 13:04,送人的。还不错
546015499113,琼***样,,2017年05月01日 09:24,包得很细心，真的是很赞的大大，适合刚入坑的孩子补专辑。
546832175270,q***3,颜色分类:少女时代精装写真集-灰色封面,2017年07月11日 13:08,质量不错。
546015499113,机***t,,2017年04月27日 21:30,物流超快包装也严实鼠标垫超喜欢大大快速回血吧以后也大力支持小金的专辑！???
546832175270,t***0,颜色分类:少女时代精装写真集-灰色封面,2017年07月26日 17:30,质量不错。
546015499113,我***石,大小:全新未拆,2017年07月13日 17:04,我可能是***吧，又抽到了同样的，不喜欢的小卡。。。。不说了，我去哭了。。。。
546832175270,舞***l,颜色分类:林允儿限量版写真集-蓝色封面,2017年06月25日 13:14,质量很好，价格不贵，还有不少赠品！
546015499113,我***石,大小:全新未拆,2017年07月04日 17:21,店主人很好，还送了鼠标垫，但是我可能是***，买了三张专辑，一个我喜欢的小卡都没抽到。
546832175270,q***臻,,2017年05月26日 00:10,东西挺棒的就是快递太垃圾了。
546015499113,h***2,,2017年04月30日 19:01,麻烦您啦还发了顺丰 歪仔内页是真的好好看啊
546832175270,t***0,颜色分类:林允儿明信片小礼盒134套装,2017年07月03日 14:51,系统默认评论
546015499113,沈***v,,2017年06月07日 11:21,评价方未及时做出评价,系统默认好评!
546832175270,l***1,颜色分类:少女时代尊享土豪礼盒赠全套赠品,2017年05月08日 18:19,不好意思写真里有一张海报，但写真有一股怪味
546832175270,q***5,,2017年07月22日 00:10,系统默认评论
546832175270,l***1,颜色分类:林允儿豪华写真礼盒装,2017年05月08日 18:19,很好！
546832175270,t***1,,2017年06月14日 08:50,很满意哦
546832175270,m***o,,2017年06月08日 12:41,评价方未及时做出评价,系统默认好评!
546832175270,z***5,,2017年06月19日 08:40,此用户没有填写评价。
546832175270,刘***毛,,2017年07月25日 10:21,此用户没有填写评价。
554819894743,t***l,大小:29X45X13CM;颜色分类:黑色 白蝴蝶z,2017-08-17 20:51:02,为了泰妍买的书包 一开始在质量上没有很高的期待 因为很便宜 但没想到这书包很好 而且卖家服务态度特别好 这次购物真的很顺心
554819894743,激***葱,大小:29X45X13CM;颜色分类:黑色 白蝴蝶z,2017-08-14 22:44:44,太小了...本蜀黍并背不上，找个小妹妹送了得了
554819894743,此***渝,大小:29X45X13CM;颜色分类:黑色 白蝴蝶z,2017-08-11 14:55:02,不错
554819894743,灬***丶,大小:29X45X13CM;颜色分类:蓝纹 白蝴蝶夜光z,2017-08-02 19:31:55,nice
554867061573,c***8,大小:普版-黄版,2017年08月02日 23:21,终于把金金的专辑都收齐辣！！?卖家还给了赠品是泰妍姐姐做曲奇的便利贴，超酷的。
554867061573,v***a,大小:豪华版-蓝版,2017年07月29日 21:09,店主不但一口咬定是买家的错而且服务态度极差，虽然专辑并没有掉页，但我从没有让店主退货退款，这样的商家不值得大家信赖
554867061573,搁***北,大小:普版-黄版,2017年08月09日 03:12,店主不但一口咬定是买家的错而且服务态度极差，虽然专辑并没有掉页，但我从没有让店主退货退款，这样的商家不值得大家信赖
554867061573,搁***北,大小:普版-黑版,2017年08月09日 03:12,严重脱胶
554867061573,落***6,大小:普版-黄版,2017年07月31日 13:46,此用户没有填写评价。
554867061573,k***9,,2017年08月09日 18:21,此用户没有填写评价。
554867061573,时***云,大小:普版-黄版,2017年07月27日 08:49,此用户没有填写评价。
537733579301,莫***筱,,2017年06月26日 14:00,照片很高清
554867061573,落***6,大小:普版-黑版,2017年07月31日 13:46,评价方未及时做出评价,系统默认好评!
537733579301,笑***9,,2017年07月28日 12:58,照片很高清
554867061573,搁***北,大小:豪华版-蓝版,2017年08月09日 03:12,此用户没有填写评价。
537733579301,j***5,,2017年06月08日 16:36,评价方未及时做出评价,系统默认好评!
554867061573,和***应,,2017年08月01日 13:42,此用户没有填写评价。
537733579301,执***2,,2017年05月11日 17:23,宝贝真的炒鸡好，明信片后面还有像彩铅一样的画，还有一张超级好看的卡贴，赞，物流也特别快
554867061573,落***6,大小:豪华版-蓝版,2017年07月31日 13:46,此用户没有填写评价。
537733579301,t***1,,2017年05月30日 16:49,好评，很喜欢
554867061573,h***n,大小:普版-黄版,2017年08月14日 20:24,评价方未及时做出评价,系统默认好评!
537733579301,嫣***9,,2017年05月16日 13:35,很不错，特别是背面是彩的
554867061573,温***暖,,2017年08月16日 19:20,此用户没有填写评价。
537733579301,东***眸,,2017年03月06日 19:31,很好，很多，物流也很快，棒棒哒
554867061573,破***0,大小:普版-黑版,2017年08月18日 13:32,此用户没有填写评价。
537733579301,新***华,,2017年02月25日 20:28,非常不错
554867061573,破***0,大小:普版-黄版,2017年08月18日 13:32,评价方未及时做出评价,系统默认好评!
537733579301,贝***6,,2017年03月11日 18:07,都是美美的图。
554867061573,y***n,,2017年08月19日 12:31,此用户没有填写评价。
537733579301,锦***头,,2017年06月15日 17:38,都是美美的图。
537733579301,t***5,,2017年06月06日 12:41,都是超清的当作礼物是个不错的选择。好评。
537733579301,l***1,,2017年06月22日 12:58,东西收到了，是送给朋友的，朋友收到了很喜欢。
537733579301,大***头,,2017年06月23日 18:57,挺好的 帮朋友买的
537733579301,t***3,,2017年06月08日 13:31,有很多，而且照片也超好看
537733579301,子***鸣,,2017年08月10日 20:50,比想象中要小，也没有钱包照，但是很好看
537733579301,x***8,,2017年07月04日 18:04,泰妍泰妍
537733579301,s***7,,2017年02月21日 21:38,好
537733579301,l***3,,2017年06月17日 00:10,评价方未及时做出评价,系统默认好评!
41236854406,西***0,颜色分类:林允儿铁盒明信片,2017年07月23日 13:27,买的弟弟的，他喜欢?
537733579301,熊***良,,2017年05月12日 22:03,评价方未及时做出评价,系统默认好评!
41236854406,y***康,颜色分类:林允儿铁盒明信片,2017年07月20日 14:51,物有所值 很好
537733579301,b***6,,2017年03月31日 12:57,此用户没有填写评价。
41236854406,孤***诉,颜色分类:少女时代铁盒明信片,2017年07月04日 20:02,超喜欢！！！送朋友的礼物，希望她喜欢
41236854406,y***0,颜色分类:少女时代铁盒明信片,2017年07月13日 22:26,很好啊，还送了一盒允儿的明信片还有同学录。
41236854406,q***7,颜色分类:林允儿铁盒明信片,2017年07月09日 12:00,帮朋友买的，应该可以吧
41236854406,大***8,颜色分类:林允儿铁盒明信片,2017年07月22日 06:29,居然有这么多???吓得我以为我买了两次哈哈哈。应该可以的，送人的我也不懂
41236854406,用***你,颜色分类:林允儿铁盒明信片,2017年05月14日 13:21,这个可是真棒啊我以为只有一个结果有两个，还送了同学录呢包装特别严实。倍儿棒，不敢买的赶紧买吧，真的好棒呢
41236854406,落***l,颜色分类:林允儿铁盒明信片,2017年05月28日 11:58,非常喜欢，里面还送了一盒明信片
41236854406,t***1,颜色分类:林允儿铁盒明信片,2017年07月17日 12:22,可以。卖家发了两盒。我只花了一盒的钱
41236854406,5***i,颜色分类:林允儿铁盒明信片,2017年05月04日 11:17,店家挺好的送了其他小礼品，只不过允儿的明信片比较多重复的因为是送人的所以&hellip;明信片质量挺好的，也挺漂亮的。
534912863339,张***3,大小:金泰妍系列&nbsp;&nbsp颜色分类:全新版黑礼盒,2017年07月31日 17:13,很满意，商品很好看，包装也好看，最后表白泰妍啦！
41236854406,8***g,颜色分类:少女时代铁盒明信片,2017年07月14日 17:45,快递很快，网购第二天就到了。
534912863339,遗***y,大小:金泰妍系列&nbsp;&nbsp颜色分类:金泰妍限量版,2017年07月25日 15:13,还不错，质量挺好，图片也好看没有让我失望
41236854406,d***谦,颜色分类:林允儿铁盒明信片,2017年03月11日 17:28,良心商家  物流快  货包装好  下次还来
534912863339,a***5,大小:金泰妍系列&nbsp;&nbsp颜色分类:全新版黑礼盒,2017年06月14日 12:40,给店主大大的好评，质量又好态度也好 之前因为颜色问题给店主带来一些麻烦很抱歉 但是物流超快的这么远的距离三天就到 炒鸡好的 闺蜜一定喜欢
41236854406,t***7,颜色分类:林允儿铁盒明信片,2017年03月07日 12:28,东西很好
534912863339,奴***生,大小:金泰妍系列&nbsp;&nbsp颜色分类:金泰妍限量版黑礼盒,2017年06月21日 17:19,送朋友的，她说质量很好
41236854406,李***子,颜色分类:林允儿铁盒明信片,2017年06月08日 22:27,不好，盒子都凹了
534912863339,常***彤,大小:金泰妍系列&nbsp;&nbsp颜色分类:全新版黑礼盒,2017年06月08日 16:59,喜欢泰妍
41236854406,m***0,颜色分类:少女时代铁盒明信片,2017年03月24日 22:53,一般般
534912863339,李***一,大小:金泰妍系列&nbsp;&nbsp颜色分类:金泰妍限量版,2017年05月21日 07:52,还不错
41236854406,还***p,颜色分类:少女时代铁盒明信片,2017年04月24日 20:40,很快
534912863339,减***1,大小:金泰妍系列&nbsp;&nbsp颜色分类:金泰妍限量版金色礼盒,2017年05月01日 12:00,送同学，不错～
41236854406,棉***好,颜色分类:林允儿铁盒明信片,2017年03月04日 08:12,好
534912863339,t***5,大小:金泰妍系列&nbsp;&nbsp颜色分类:金泰妍限量版黑礼盒,2017年06月23日 06:41,有点假 除了海报其他质量不咋地
41236854406,孤***k,颜色分类:少女时代铁盒明信片,2017年07月29日 07:44,系统默认评论
534912863339,l***o,大小:金泰妍,2017年02月21日 10:39,送朋友的，她很喜欢
41236854406,曼***气,颜色分类:少女时代铁盒明信片,2017年08月08日 20:29,不错。
534912863339,t***3,大小:金泰妍系列&nbsp;&nbsp颜色分类:全新版金礼盒,,changp产品质量不好，没有物有所值
41236854406,g***0,,2017年06月28日 15:41,评价方未及时做出评价,系统默认好评!
534912863339,v***z,大小:金泰妍系列&nbsp;&nbsp颜色分类:金泰妍全新版黑礼盒,2017年02月28日 14:03,changp产品质量不好，没有物有所值
534912863339,媛***a,大小:金泰妍系列&nbsp;&nbsp颜色分类:全新版金礼盒,2017年06月23日 22:24,15天内买家未作出评价
534912863339,m***3,大小:金泰妍系列&nbsp;&nbsp颜色分类:全新版金礼盒,2017年07月14日 21:21,明信片一般，写真集不错。
534912863339,上***y,大小:金泰妍系列&nbsp;&nbsp颜色分类:金泰妍全新版黑礼盒,2017年02月25日 18:39,明信片一般，写真集不错。
534912863339,一***8,大小:金泰妍系列&nbsp;&nbsp颜色分类:金泰妍限量版黑礼盒,2017年06月09日 08:02,此用户没有填写评价。
534912863339,云***昵,大小:金泰妍系列&nbsp;&nbsp颜色分类:金泰妍限量版黑礼盒,2017年06月11日 23:41,好
534912863339,a***锋,大小:金泰妍系列&nbsp;&nbsp颜色分类:全新版金泰妍,2017年05月06日 15:10,不错
534912863339,李***铭,大小:金泰妍系列&nbsp;&nbsp颜色分类:金泰妍全新版,2017年04月04日 23:09,挺好的
534912863339,你***她,大小:金泰妍系列&nbsp;&nbsp颜色分类:金泰妍限量版金色礼盒,2017年06月27日 22:17,此用户没有填写评价。
534912863339,t***6,大小:金泰妍系列&nbsp;&nbsp颜色分类:金泰妍全新版黑礼盒,2017年04月08日 14:26,此用户没有填写评价。
550270875893,安***宁,,2017年08月03日 17:16,超级实惠，可以说是完美
550270875893,你***8,,2017年07月14日 17:32,喜欢
550270875893,泰***0,,2017年06月09日 14:36,非常好，再过几个月少时出新专，我会在买的
550270875893,林***妍,,2017年06月16日 17:41,非常好，很漂亮！！！
550270875893,张***9,,2017年06月11日 13:15,泰研太美了
550270875893,香***w,,2017年06月02日 21:58,非常好  宝贝很多  非常喜欢
550270875893,坏***园,,2017年06月11日 12:50,内页图有些图颜色印刷不太好，而且内容就只是图片和歌词，原本还以为会有关于泰妍的相关事的描述，不过这次的专辑确实是太美了
550270875893,z***0,,2017年06月12日 13:45,学生的喜好，我也搞不懂
550270875893,公***亮,,2017年05月24日 12:45,习惯好评吧，毕竟给同学买的，我也不清楚～～
550270875893,心***屋,,2017年06月25日 18:51,评价方未及时做出评价,系统默认好评!
529689807084,南***物,大小:金泰妍限量版&nbsp;&nbsp颜色分类:新生代写真+豪华赠品,2017年08月02日 12:12,还不错 挺好看的 就是写真封面有些压皱了 小礼物也可以
550270875893,t***9,,2017年07月12日 11:10,评价方未及时做出评价,系统默认好评!
529689807084,y***g,大小:金泰妍限量版&nbsp;&nbsp颜色分类:新生代写真+豪华赠品,2017年06月30日 15:39,不错 值得买
550270875893,笑***匪,,2017年06月08日 18:01,评价方未及时做出评价,系统默认好评!
529689807084,卿***酱,大小:金泰妍限量版&nbsp;&nbsp颜色分类:水晶卡贴一套10张,2017年07月24日 12:48,好评好评好评好评好评好评好评好评好评好评好评好评好评好评好评
550270875893,唯***9,,2017年07月10日 16:50,评价方未及时做出评价,系统默认好评!
529689807084,张***3,大小:金泰妍限量版&nbsp;&nbsp颜色分类:新生代写真+豪华赠品,2017年08月13日 21:45,非常棒
550270875893,胡***9,,2017年08月11日 09:04,此用户没有填写评价。
529689807084,你***g,,2017年07月27日 13:42,评价方未及时做出评价,系统默认好评!
550270875893,阔***h,,2017年06月09日 13:11,评价方未及时做出评价,系统默认好评!
529689807084,p***g,,2017年02月25日 18:40,评价方未及时做出评价,系统默认好评!
550270875893,眯***蛙,,2017年08月09日 18:51,评价方未及时做出评价,系统默认好评!
529689807084,李***8,,2017年05月18日 13:10,评价方未及时做出评价,系统默认好评!
550270875893,p***2,,2017年06月25日 18:50,评价方未及时做出评价,系统默认好评!
529689807084,李***8,,2017年04月30日 16:30,评价方未及时做出评价,系统默认好评!
550270875893,咿***7,,2017年06月15日 14:11,评价方未及时做出评价,系统默认好评!
529689807084,t***7,,2017年08月16日 13:40,评价方未及时做出评价,系统默认好评!
550270875893,杨***仙,,2017年08月04日 13:43,此用户没有填写评价。
529689807084,李***8,,2017年07月11日 14:50,评价方未及时做出评价,系统默认好评!
550270875893,l***1,,2017年06月23日 20:50,此用户没有填写评价。
529689807084,李***8,,2017年05月02日 13:10,评价方未及时做出评价,系统默认好评!
529689807084,李***8,,2017年05月23日 16:50,评价方未及时做出评价,系统默认好评!
529689807084,李***8,,2017年03月31日 13:20,评价方未及时做出评价,系统默认好评!
529689807084,8***h,,2017年04月27日 09:10,评价方未及时做出评价,系统默认好评!
529689807084,李***8,,2017年04月11日 12:10,评价方未及时做出评价,系统默认好评!
529689807084,李***8,,2017年06月10日 13:10,评价方未及时做出评价,系统默认好评!
529689807084,d***8,,2017年08月15日 13:50,评价方未及时做出评价,系统默认好评!
529689807084,音***城,,2017年07月22日 08:51,评价方未及时做出评价,系统默认好评!
529689807084,t***4,,2017年08月07日 11:50,评价方未及时做出评价,系统默认好评!
529689807084,李***8,,2017年07月27日 15:40,评价方未及时做出评价,系统默认好评!
545969551290,t***0,大小:40cm×40cm（含芯）;颜色分类:双面定制,2017-08-13 18:46:05,第二次买了 还是不错的
545969551290,t***4,大小:40cm×40cm（含芯）;颜色分类:金泰妍04,2017-08-05 18:21:12,好
545969551290,黛***姬,大小:55cm×55cm（含芯）;颜色分类:双面定制,2017-07-09 16:27:13,特别棒拿到手 外皮手感非常好
545969551290,t***3,大小:40cm×40cm（含芯）;颜色分类:金泰妍01,2017-07-03 12:22:07,摸着很舒服，很软
545969551290,德***3,大小:45cm×45cm（含芯）;颜色分类:金泰妍03,2017-06-25 20:11:31,超级棒 闺蜜超级喜欢 照片超级清楚棒棒棒
545969551290,萌***哥,大小:40cm×40cm（含芯）;颜色分类:金泰妍21,2017-06-24 00:58:44,物流很快 摸着也不错
545969551290,爱***d,大小:45cm×45cm（含芯）;颜色分类:金泰妍06,2017-06-16 18:06:13,此用户没有填写评论!
545969551290,秋***树,大小:40cm×40cm（含芯）;颜色分类:金泰妍04,2017-06-11 09:46:22,还行吧，送朋友的
545969551290,t***3,大小:45cm×45cm（含芯）;颜色分类:金泰妍14,2017-06-08 00:02:27,很好  就是发货有点慢  不过图片清晰  质量很好 很喜欢
553295670276,t***0,大小:Fine版全新未拆,2017年08月05日 16:45,棒棒棒?
545969551290,悠***3,大小:40cm×40cm（含芯）;颜色分类:金泰妍18,2017-06-07 09:32:36,可爱的泰妍喜欢爆了
553295670276,h***x,大小:Fine版全新未拆,2017年07月10日 18:33,专辑很好，还送了很多赠品，我最喜欢这个了好可爱，哈哈哈
545969551290,季***啊,大小:40cm×40cm（含芯）;颜色分类:金泰妍07,2017-06-04 22:24:24,物流很快  感觉很好
553295670276,w***4,大小:Fine版仅拆带5/6号卡,2017年07月14日 17:36,超级棒啊我的妈太喜欢了 粉一辈子
545969551290,t***0,大小:40cm×40cm（含芯）;颜色分类:双面定制,2017-06-03 17:09:23,良心商家，必须支持，以后就来这家，棒棒哒
553295670276,t***斯,大小:IGL版全新未拆,2017年07月03日 14:35,终于到了，店家良心
545969551290,f***3,大小:40cm×40cm（含芯）;颜色分类:双面定制,2017-05-31 00:09:59,包的质量非常好
553295670276,b***3,大小:Fine版裸专无卡,2017年06月19日 13:17,收到专辑了，买的三张裸专，店家送了一副阿泰的扑克牌，开心???，狮心的封面有轻微擦痕，不过不影响总体，泰妍和小贤的专辑特别美???期待十周年
545969551290,油***1,大小:40cm×40cm（含芯）;颜色分类:金泰妍04,2017-05-24 12:11:25,买给同学的生日礼物  还可以吧好评
553295670276,j***5,大小:Fine版全新未拆,2017年06月26日 11:21,你好看 所以多买几张
545969551290,我***光,大小:40cm×40cm（含芯）;颜色分类:金泰妍12,2017-05-19 15:35:39,质量不怎么样，还是不要买的好
553295670276,周***i,大小:Fine版裸专无卡,2017年06月16日 10:07,物流超快  店家人超好，还送了泰妍的扑克牌和鼠标垫
545969551290,羽***9,大小:40cm×40cm（含芯）;颜色分类:金泰妍04,2017-05-19 12:21:55,闺蜜生日礼物，她超级喜欢???
553295670276,t***9,大小:Fine版裸专无卡,2017年07月21日 23:26,给泰古笔心
545969551290,金***弟,大小:40cm×40cm（含芯）;颜色分类:金泰妍01,2017-05-09 15:47:05,很满意，很漂亮，么么哒
553295670276,地***子,大小:IGL版裸专无卡,2017年07月12日 11:02,今天太开心了。因为是学生，一穷二白的，跟抽吧只买了一版，现在终于拼好了&ldquo;My Voice&rdquo;，连翻39个跟斗都不足以表达我的激动！估计晚上也睡不着了！ 喜欢泰妍两年余，不长，但我相信，只要她还在唱歌，我就没有脱饭的可能！
545969551290,金***弟,大小:40cm×40cm（含芯）;颜色分类:金泰妍13,2017-05-09 15:47:05,同上
553295670276,就***7,大小:IGL版裸专无卡,2017年07月07日 22:19,赞赞赞
545969551290,k***火,大小:40cm×40cm（含芯）;颜色分类:金泰妍15,2017-05-01 09:20:09,此用户没有填写评论!
553295670276,周***i,大小:IGL版裸专无卡,2017年06月16日 10:07,此用户没有填写评价。
545969551290,y***3,大小:40cm×40cm（含芯）;颜色分类:金泰妍07,2017-04-28 13:39:11,很满意
553295670276,a***u,大小:Fine版裸专无卡,2017年06月25日 20:57,此用户没有填写评价。
553295670276,允***i,,2017年07月19日 18:40,评价方未及时做出评价,系统默认好评!
553295670276,叶***沙,大小:Fine版全新未拆,2017年07月29日 12:59,此用户没有填写评价。
553295670276,t***0,,2017年07月26日 12:30,评价方未及时做出评价,系统默认好评!
553295670276,t***3,,2017年07月14日 22:41,评价方未及时做出评价,系统默认好评!
553295670276,慵***兮,大小:Fine版裸专无卡,2017年06月20日 17:28,此用户没有填写评价。
553295670276,最***此,大小:Fine版裸专无卡,2017年06月22日 18:44,此用户没有填写评价。
520577404689,x***5,大小:少女时代&nbsp;&nbsp颜色分类:少女时代郑秀妍,2017年08月05日 19:38,时尚，孩子喜欢
553295670276,p***u,,2017年08月01日 10:00,评价方未及时做出评价,系统默认好评!
520577404689,柴***4,大小:少女时代&nbsp;&nbsp颜色分类:少女时代金泰妍,2017年08月06日 04:07,很好  很喜欢  物流也快
553295670276,q***4,,2017年08月14日 09:21,评价方未及时做出评价,系统默认好评!
520577404689,我***欢,大小:少女时代&nbsp;&nbsp颜色分类:少女时代金泰妍,2017年07月29日 09:15,里面的晶管都坏了，根本就看不到
520577404689,如***异,大小:少女时代&nbsp;&nbsp颜色分类:少女时代 林允儿,2017年04月08日 12:47,还可以，就是盒子小了
520577404689,a***3,大小:少女时代&nbsp;&nbsp颜色分类:少女时代 林允儿,2017年03月11日 17:00,质量非常好的东东，超级喜欢，卖家服务态度非常好，以后还会来这家店铺消费的。。。
520577404689,t***9,大小:少女时代&nbsp;&nbsp颜色分类:少女时代 林允儿,2017年03月20日 18:36,还可以
520577404689,x***哥,,2017年07月18日 13:41,评价方未及时做出评价,系统默认好评!
520577404689,l***7,,2017年07月02日 15:41,评价方未及时做出评价,系统默认好评!
520577404689,福***2,,2017年07月18日 13:40,评价方未及时做出评价,系统默认好评!
520577404689,美***儿,,2017年08月13日 20:10,评价方未及时做出评价,系统默认好评!
554100237800,b***y,,2017年08月11日 18:40,几次买都超棒棒棒棒棒，这次还送了姐姐的小胸针，上次是可爱的民国，都超级喜欢，谢谢店主！
520577404689,q***7,大小:少女时代&nbsp;&nbsp颜色分类:少女时代 林允儿,2017年07月15日 16:36,此用户没有填写评价。
554100237800,亲***害,,2017年06月29日 23:00,很棒！！萌萌哒泰花美翻啦！
520577404689,a***月,,2017年05月16日 13:21,评价方未及时做出评价,系统默认好评!
554100237800,孤***7,,2017年08月04日 03:55,好
520577404689,y***y,大小:少女时代&nbsp;&nbsp颜色分类:少女时代郑秀妍,2017年04月01日 16:25,此用户没有填写评价。
554100237800,伟***9,,2017年07月24日 22:54,超喜欢!
520577404689,上***大,,2017年07月28日 12:50,评价方未及时做出评价,系统默认好评!
554100237800,凉***姐,,2017年07月05日 16:49,泰妍泰妍泰妍
520577404689,c***n,大小:少女时代&nbsp;&nbsp颜色分类:少女时代金泰妍,2017年05月01日 16:41,此用户没有填写评价。
554100237800,伟***9,,2017年07月02日 23:24,此用户没有填写评价。
520577404689,q***7,,2017年07月14日 18:10,评价方未及时做出评价,系统默认好评!
554100237800,p***7,,2017年08月04日 22:00,评价方未及时做出评价,系统默认好评!
520577404689,u***f,,2017年04月13日 12:50,评价方未及时做出评价,系统默认好评!
554100237800,纳***3,,2017年07月19日 18:47,此用户没有填写评价。
520577404689,7***拍,,2017年08月19日 13:31,评价方未及时做出评价,系统默认好评!
554100237800,宅***白,,2017年07月20日 18:20,评价方未及时做出评价,系统默认好评!
520577404689,一***4,,2017年08月19日 06:50,评价方未及时做出评价,系统默认好评!
554100237800,s***x,,2017年08月01日 22:27,此用户没有填写评价。
554100237800,幸***y,,2017年07月27日 09:20,评价方未及时做出评价,系统默认好评!
554100237800,f***默,,2017年08月06日 17:12,评价方未及时做出评价,系统默认好评!
554100237800,n***o,,2017年08月11日 17:10,评价方未及时做出评价,系统默认好评!
554100237800,x***又,,2017年07月27日 17:40,评价方未及时做出评价,系统默认好评!
554100237800,c***8,,2017年08月03日 18:21,评价方未及时做出评价,系统默认好评!
554100237800,n***c,,2017年08月04日 19:10,评价方未及时做出评价,系统默认好评!
554100237800,c***8,,2017年07月24日 18:10,评价方未及时做出评价,系统默认好评!
554100237800,野***女,,2017年08月04日 09:01,评价方未及时做出评价,系统默认好评!
526111250473,优***殊,大小:A4海报（8张）&nbsp;&nbsp颜色分类:金泰妍-HB04,2017年07月24日 08:04,颜色漂亮，物流快
554100237800,d***藜,,2017年07月28日 16:10,评价方未及时做出评价,系统默认好评!
526111250473,岚***梦,大小:A3海报（8张）&nbsp;&nbsp颜色分类:金泰妍-HB02,2017年07月30日 11:59,有点不清楚&hellip;&hellip;但是无伤大雅
554100237800,c***7,,2017年08月16日 16:50,评价方未及时做出评价,系统默认好评!
526111250473,z***u,大小:A4海报（8张）&nbsp;&nbsp颜色分类:金泰妍-HB03,2017年07月09日 16:41,像素捉急，其他都很满意。就是喜欢泰妍。
526111250473,谢***0,大小:5寸照片（有过塑）&nbsp;&nbsp颜色分类:金泰妍-HB03,2017年07月16日 13:00,不清楚 破了
526111250473,瓣***殒,大小:A4海报（8张）&nbsp;&nbsp颜色分类:金泰妍-HB04,2017年04月03日 20:08,why时期太美了
526111250473,宋***9,大小:5寸照片（无过塑）&nbsp;&nbsp颜色分类:金泰妍-HB02,2017年06月26日 18:53,why时期太美了
526111250473,c***3,大小:A3海报（8张）&nbsp;&nbsp颜色分类:金泰妍-HB04,2017年02月21日 15:07,喜欢阿泰
526111250473,十***m,大小:A4海报（8张）&nbsp;&nbsp颜色分类:金泰妍-HB01,2017年02月27日 14:22,跟想象的有点不同呢（=?口｀=）
526111250473,i***j,大小:A3海报（8张）&nbsp;&nbsp颜色分类:金泰妍-HB02,2017年02月26日 21:46,帮妹妹买的，妹妹很喜欢！五星好评不解释！
526111250473,v***g,大小:A4海报（8张）&nbsp;&nbsp颜色分类:金泰妍-HB01,2017年02月26日 18:54,没有对比就没有伤害，买了别的家的海报有同款，一对比就发现差距了，价格还是差不多，醉醉的
540012020211,泰***色,大小:均码&nbsp;&nbsp颜色分类:金泰妍（Tae Yeon）,2017年07月28日 21:59,我的手型带出来不是很好看，戒指如果是s925更好了，（纯属个人意见）。包装很好，还赠送的有皮绳，戴在脖子上比手上好看些
526111250473,花***0,大小:A4海报（8张）&nbsp;&nbsp颜色分类:金泰妍-HB04,2017年02月24日 22:11,质量上肯定是没问题，就是送货速度太慢。
540012020211,伟***丘,大小:均码&nbsp;&nbsp颜色分类:Tiffany,2017年07月31日 12:16,发货有点晚，但还是三天就到了，东西超好看，超喜欢
526111250473,v***g,大小:A4海报（8张）&nbsp;&nbsp颜色分类:金泰妍-HB03,2017年02月26日 18:54,清晰度捉急，不想麻烦好评算了。
540012020211,陈***0,大小:均码&nbsp;&nbsp颜色分类:金泰妍,2017年06月09日 09:40,有点紧
526111250473,l***1,大小:A3海报（8张）&nbsp;&nbsp颜色分类:金泰妍-HB04,2017年07月25日 20:42,有点不清晰  不过还是很满意的。。。。
540012020211,孔***尊,大小:均码&nbsp;&nbsp颜色分类:金泰妍,2017年06月30日 14:53,泰妍的名字分开了
526111250473,瓣***殒,大小:A3海报（8张）&nbsp;&nbsp颜色分类:金泰妍-HB04,2017年04月03日 20:08,清晰度捉急，不想麻烦好评算了。
540012020211,袁***策,大小:均码&nbsp;&nbsp颜色分类:金泰妍,2017年05月29日 18:17,也不给差评了，毕竟十几块钱的东西。太小了，小手指都带不进去
526111250473,u***鱼,,2017年05月26日 17:30,好
540012020211,c***8,大小:均码&nbsp;&nbsp颜色分类:金泰妍,2017年06月14日 17:38,物品已收到 很喜欢
526111250473,帕***鱼,大小:A4海报（8张）&nbsp;&nbsp颜色分类:金泰妍-HB03,2017年03月21日 09:12,我的泰妍啊
540012020211,梁***珠,大小:均码&nbsp;&nbsp颜色分类:金泰妍,2017年05月29日 11:16,挺不错的，就是太大了，戴不了，只能挂脖子
526111250473,街***往,,2017年08月16日 12:10,评价方未及时做出评价,系统默认好评!
540012020211,阿***h,大小:均码&nbsp;&nbsp颜色分类:金泰妍,2017年04月24日 10:27,很好，很喜欢，就是手指肉太多了带着有点紧
526111250473,q***4,,2017年07月03日 15:10,此用户没有填写评价。
540012020211,啊***坏,大小:均码&nbsp;&nbsp颜色分类:Sunny,2017年05月16日 12:21,质量不错，快递也挺快的，就是只能戴在一个手指
526111250473,我***3,,2017年06月01日 18:11,评价方未及时做出评价,系统默认好评!
540012020211,r***丶,大小:均码&nbsp;&nbsp颜色分类:Tiffany,2017年07月09日 13:11,物流很快
526111250473,永***赛,,2017年07月21日 01:00,评价方未及时做出评价,系统默认好评!
540012020211,宋***点,大小:均码&nbsp;&nbsp颜色分类:金泰妍,2017年03月16日 19:12,超喜欢的，一直支持taeyeon
540012020211,伟***丘,大小:均码&nbsp;&nbsp颜色分类:金泰妍（Tae Yeon）,2017年07月31日 12:16,好看好看
540012020211,k***s,大小:均码&nbsp;&nbsp颜色分类:金泰妍,2017年06月23日 20:44,很满意
540012020211,城***子,大小:均码&nbsp;&nbsp颜色分类:金泰妍,2017年05月30日 17:02,此用户没有填写评价。
540012020211,t***7,,2017年07月17日 13:51,评价方未及时做出评价,系统默认好评!
540012020211,简***4,,2017年03月04日 16:40,评价方未及时做出评价,系统默认好评!
540012020211,我***5,大小:均码&nbsp;&nbsp颜色分类:金泰妍,2017年05月21日 21:13,此用户没有填写评价。
540012020211,九***下,,2017年08月08日 12:50,评价方未及时做出评价,系统默认好评!
553864845621,凉***姐,,2017年07月05日 16:49,还可以吧，不过人物印在了后面，还是抽吧的好
540012020211,t***9,,2017年03月04日 16:00,评价方未及时做出评价,系统默认好评!
553864845621,伟***9,,2017年07月24日 22:54,很好!漂亮!
540012020211,t***3,大小:均码&nbsp;&nbsp颜色分类:金泰妍,2017年02月28日 19:36,此用户没有填写评价。
553864845621,小***1,,2017年07月04日 20:53,
553864845621,小***闪,,2017年07月29日 20:11,
553864845621,孤***7,,2017年08月04日 03:55,不错很喜欢
553864845621,w***2,,2017年08月10日 16:20,好可爱
553864845621,章***4,,2017年08月09日 16:12,好
553864845621,我***6,,2017年07月31日 07:40,评价方未及时做出评价,系统默认好评!
553864845621,野***女,,2017年07月26日 16:50,评价方未及时做出评价,系统默认好评!
553864845621,p***7,,2017年08月04日 22:00,评价方未及时做出评价,系统默认好评!
553490726532,t***5,大小:10张卡贴备注款式,2017年07月04日 12:47,很好看，买的J款的，物流也挺快的
553864845621,伟***9,,2017年07月02日 23:24,评价方未及时做出评价,系统默认好评!
553490726532,b***l,大小:50张照片铁盒装,2017年08月04日 08:48,挺好的
553864845621,d***藜,,2017年07月28日 16:10,评价方未及时做出评价,系统默认好评!
553490726532,c***9,,2017年08月11日 08:50,评价方未及时做出评价,系统默认好评!
553864845621,q***彤,,2017年08月15日 08:20,此用户没有填写评价。
553490726532,土***y,,2017年08月02日 14:10,评价方未及时做出评价,系统默认好评!
553864845621,童***霞,,2017年08月03日 09:19,评价方未及时做出评价,系统默认好评!
553490726532,l***0,,2017年08月11日 01:30,评价方未及时做出评价,系统默认好评!
553864845621,飘***袖,,2017年07月04日 16:58,评价方未及时做出评价,系统默认好评!
553490726532,s***v,大小:50张照片铁盒装,2017年08月16日 11:38,此用户没有填写评价。
553864845621,t***u,,2017年07月31日 11:31,此用户没有填写评价。
553490726532,陪***2,大小:100张照片铁盒装,2017年07月11日 09:30,此用户没有填写评价。
553864845621,n***o,,2017年08月11日 17:10,此用户没有填写评价。
552109735136,晓***爱,颜色分类:林允儿/Yoon A带钻戒指,2017年07月19日 22:03,好啊我买了2次了啊
552109735136,岚***梦,颜色分类:金泰妍/Tae Yeon带钻戒,2017年07月30日 11:58,不错，就是太小了只能带在小拇指上，希望要买的亲看好尺寸
552109735136,我***霖,颜色分类:金泰妍/Tae Yeon带钻戒,2017年06月25日 23:55,打开看了，很满意、很贴心得总小盒子装起来。
552109735136,晓***爱,颜色分类:林允儿/Yoon A带钻戒指,2017年06月25日 22:04,还行。我觉得。
552109735136,我***霖,颜色分类:金泰妍/Tae Yeon带钻戒,2017年07月03日 14:46,除了快递时间有点长之外，其它的很满意。客服基本没人？
552109735136,t***3,颜色分类:林允儿/Yoon A带钻戒指,2017年07月02日 17:18,掌柜的服务态度真好，发货很快。商品质量也相当不错。太喜欢了，谢谢!  
552109735136,微***5,颜色分类:林允儿/Yoon A带钻戒指,2017年07月20日 10:29,质量非常好，与卖家描述的完全一致，非常满意,真的很喜欢，完全超出期望值，发货速度非常快，包装非常仔细、严实，物流公司服务态度很好，运送速度很快，很满意的一次购物
552109735136,t***2,颜色分类:金泰妍/Tae Yeon带钻戒,2017年07月05日 21:04,满意满意满意。
552109735136,黑***j,,2017年08月14日 10:50,评价方未及时做出评价,系统默认好评!
552109735136,金***行,,2017年07月18日 22:00,评价方未及时做出评价,系统默认好评!
552109735136,呵***0,颜色分类:金泰妍/Tae Yeon带钻戒,2017年07月04日 18:10,此用户没有填写评价。
552109735136,默***忆,,2017年08月19日 13:21,评价方未及时做出评价,系统默认好评!
536375729617,敦***咯,大小:金泰妍专属&nbsp;&nbsp颜色分类:限量版写真集+豪礼,2017年06月02日 13:49,泰妍最美啊哈哈哈！发货快 东西不错 好评！
536375729617,东***辰,大小:金泰妍专属&nbsp;&nbsp颜色分类:限量版写真集+豪礼,2017年06月15日 22:37,哈哈物流很快哦。里面的东西也好。超级喜欢。
544122339574,你***8,大小:包邮送备用电池&nbsp;&nbsp颜色分类:01款蓝色,2017年06月28日 23:16,男生这个颜色有点娘
536375729617,名***了,大小:金泰妍专属&nbsp;&nbsp颜色分类:钻石版写真专辑礼盒（全套赠品）,2017年06月07日 20:39,明明我买的是泰妍的，结果给我寄个f(x)的明信片，我跟客服说，客服说给我补一盒，结果都一周了还没寄过来
544122339574,日***宁,大小:包邮送备用电池&nbsp;&nbsp颜色分类:03粉色,2017年06月01日 22:00,很漂亮，孩子很喜欢，还赠一枚备用电池。
536375729617,水***9,大小:金泰妍专属&nbsp;&nbsp颜色分类:限量版写真集+豪礼,2017年06月07日 21:36,明明写的是发泰妍的明信片，结果到手是别家爱豆的明信片。。。  客服的解释也是爱理不理的  请宝贝们慎重购买
544122339574,宝***滋,大小:包邮送备用电池&nbsp;&nbsp颜色分类:01款黑色,2017年07月03日 09:48,女儿是泰妍的忠实粉丝，收到表后爱不释手。
536375729617,繁***1,大小:金泰妍专属&nbsp;&nbsp颜色分类:限量版写真集+豪礼,2017年07月12日 21:59,都很好，就是海报有点小
544122339574,s***e,,2017年05月11日 14:30,最喜欢泰妍欧尼了！
536375729617,周***7,大小:金泰妍专属&nbsp;&nbsp颜色分类:钻石版写真专辑礼盒（全套赠品）,2017年05月29日 08:56,帮朋友买的   很满意
544122339574,t***8,大小:包邮送备用电池&nbsp;&nbsp颜色分类:02款黑色,2017年06月17日 13:44,最喜欢泰妍欧尼了！
536375729617,离***0,大小:金泰妍专属&nbsp;&nbsp颜色分类:限量版写真集+豪礼,2017年06月15日 12:50,宝贝收到了，我女儿很满意！
544122339574,一***4,大小:包邮送备用电池&nbsp;&nbsp颜色分类:02款白色,2017年05月03日 23:10,评价方未及时做出评价,系统默认好评!
536375729617,q***2,大小:金泰妍专属&nbsp;&nbsp颜色分类:限量版写真集+豪礼,2017年06月23日 15:05,超赞，很满意！物有所值
544122339574,1***殇,大小:包邮送备用电池&nbsp;&nbsp颜色分类:01款蓝色,2017年04月20日 10:47,不错，有重量
536375729617,柔***8,大小:金泰妍专属&nbsp;&nbsp颜色分类:限量版写真集+豪礼,2017年05月08日 20:21,东西和实物相差太远，货品都不全，物流也很慢，客服的解释没有一点诚意，没有信誉度太让人失望
544122339574,2***遥,大小:包邮送备用电池&nbsp;&nbsp颜色分类:02款白色,2017年03月14日 06:31,手表很漂亮 但是时间不太准
536375729617,陈***0,大小:金泰妍专属&nbsp;&nbsp颜色分类:限量版写真集+豪礼,2017年02月28日 14:12,很不错 物流也很快 卖家态度也很好  全五分 很满意
544122339574,莉***y,大小:包邮送备用电池&nbsp;&nbsp颜色分类:03白色,2017年02月25日 09:47,东西挺漂亮的，物流也很快
536375729617,我***7,大小:金泰妍专属&nbsp;&nbsp颜色分类:限量版写真集+豪礼,2017年04月01日 20:22,才发现，泰妍的名字都印错了，少个&ldquo;E&rdquo;?
544122339574,t***s,大小:包邮送备用电池&nbsp;&nbsp颜色分类:03白色,2017年03月20日 23:37,稀饭大爱泰妍
536375729617,刘***山,大小:金泰妍专属&nbsp;&nbsp颜色分类:限量版写真集+豪礼,2017年05月03日 20:35,才发现，泰妍的名字都印错了，少个&ldquo;E&rdquo;?
544122339574,单***狗,大小:包邮送备用电池&nbsp;&nbsp颜色分类:05黑色,2017年03月09日 11:34,挺好的，妹妹喜欢
536375729617,酷***5,大小:金泰妍专属&nbsp;&nbsp颜色分类:限量版写真集+豪礼,2017年04月01日 08:20,东西很喜欢，服务态度也很好，棒棒哒！
544122339574,v***z,大小:包邮送备用电池&nbsp;&nbsp颜色分类:03白色,2017年03月02日 12:58,很好，物流很细心
536375729617,薛***烟,大小:金泰妍专属&nbsp;&nbsp颜色分类:限量版写真集+豪礼,2017年02月26日 14:29,不错，好评
544122339574,五***8,大小:包邮送备用电池&nbsp;&nbsp颜色分类:02款白色,2017年07月17日 20:00,很喜欢，不错
536375729617,c***小,大小:金泰妍专属&nbsp;&nbsp颜色分类:限量版写真集+豪礼,2017年03月18日 15:27,还行吧，就是有那么一丢丢模糊
544122339574,t***8,大小:包邮送备用电池&nbsp;&nbsp颜色分类:02款白色,2017年03月07日 13:08,挺好看的。
536375729617,平***来,大小:金泰妍专属&nbsp;&nbsp颜色分类:限量版写真集+豪礼,2017年02月25日 07:01,超级喜欢，泰泰的铁粉必需品
544122339574,s***j,大小:包邮送备用电池&nbsp;&nbsp颜色分类:02款粉色,2017年03月21日 17:40,挺好看的。
536375729617,权***y,大小:金泰妍专属&nbsp;&nbsp颜色分类:限量版写真集+豪礼,2017年03月03日 10:50,还行吧，有些图片很模糊，一般般
544122339574,我***港,大小:包邮送备用电池&nbsp;&nbsp颜色分类:02款白色,2017年06月08日 18:29,此用户没有填写评价。
536375729617,y***0,大小:金泰妍专属&nbsp;&nbsp颜色分类:限量版写真集+豪礼,2017年03月10日 21:49,都挺哈的 就是徽章不太清楚。哈哈哈！可以买
544122339574,亮***～,大小:包邮送备用电池&nbsp;&nbsp颜色分类:02款白色,2017年04月15日 21:59,很好
536375729617,珠***帮,大小:金泰妍专属&nbsp;&nbsp颜色分类:限量版写真集+豪礼,2017年06月19日 11:21,不好，以后都不买了。。。
544122339574,等***我,大小:包邮送备用电池&nbsp;&nbsp颜色分类:05黑色,2017年03月03日 13:10,很好哦
536375729617,他***人,大小:金泰妍专属&nbsp;&nbsp颜色分类:限量版写真集+豪礼,2017年04月21日 11:56,很好，喜欢抽抽的赶紧下手吧(RQ)
544122339574,忠***易,,2017年03月06日 09:41,挺好的
544122339574,o***h,,2017年05月19日 09:20,可以的
543087527145,v***子,,2017年08月12日 22:33,泰妍啊！撒浪嘿哟！物流很快还送了两张拍立得，质量也很好，超值，店主我爱你！
543087527145,p***8,,2017年08月12日 12:46,小抽抽很美 很喜欢??比想象中大
543087527145,殛***a,,2017年07月08日 23:21,东西很好，很喜欢
543087527145,森***a,,2017年08月09日 15:12,发货和物流都很快 包装也好 还送了两张照片 表白泰古！
543087527145,孤***7,,2017年08月04日 03:55,好
543087527145,小***闪,,2017年07月29日 20:11,可爱啊泰泰
532869264475,p***m,颜色分类:金泰妍02黑色,2017年03月13日 13:02,物流很快哦，店家包装的挺精细的，送了一颗电池~我的泰妍哦~
543087527145,z***s,,2017年06月14日 18:01,此用户没有填写评价。
532869264475,兰***有,颜色分类:林允儿04白色,2017年04月19日 13:30,第一次尝试这样宽带的表，为了考试时看，感觉我会看着出神。胖胖保佑我好运。物流很快，带是硬质的戴久了会裂。看着胖胖，不知为何，会莫名紧张。
543087527145,b***y,,2017年06月21日 17:18,此用户没有填写评价。
532869264475,少***0,颜色分类:林允儿01粉色,2017年06月23日 12:08,很好
543087527145,心***e,,2017年04月22日 09:52,此用户没有填写评价。
532869264475,周***豪,,2017年06月17日 19:51,评价方未及时做出评价,系统默认好评!
543087527145,朱***2,,2017年06月13日 21:34,此用户没有填写评价。
532869264475,陈***1,,2017年03月27日 09:51,评价方未及时做出评价,系统默认好评!
543087527145,宅***白,,2017年07月20日 18:20,评价方未及时做出评价,系统默认好评!
532869264475,音***城,,2017年06月07日 11:30,评价方未及时做出评价,系统默认好评!
543087527145,亲***害,,2017年06月29日 23:00,此用户没有填写评价。
532869264475,财***3,颜色分类:林允儿04白色,2017年07月03日 13:56,此用户没有填写评价。
543087527145,x***又,,2017年07月27日 17:40,评价方未及时做出评价,系统默认好评!
532869264475,购***人,,2017年03月04日 13:10,评价方未及时做出评价,系统默认好评!
532869264475,q***波,颜色分类:林允儿01白色,2017年02月28日 16:55,此用户没有填写评价。
532869264475,财***3,颜色分类:林允儿01蓝色,2017年06月30日 12:15,此用户没有填写评价。
532869264475,快***8,,2017年04月14日 09:11,评价方未及时做出评价,系统默认好评!
532869264475,t***4,,2017年03月20日 12:50,评价方未及时做出评价,系统默认好评!
532869264475,木***丰,,2017年03月06日 12:21,评价方未及时做出评价,系统默认好评!
532869264475,朱***信,,2017年03月14日 09:30,评价方未及时做出评价,系统默认好评!
532869264475,龚***春,颜色分类:林允儿05白色,2017年02月21日 16:44,此用户没有填写评价。
538924399496,嗯***渣,,2017年06月03日 19:15,哈哈  我女神美美哒   里面有贴纸和歌词海报   明信片上的颜色也没有偏差   数量也没少  很不错   但是就是每张的角角都被被窝了下   就有点不开心了  希望以后注意   但总得来说还是挺棒的
532869264475,s***l,,2017年03月08日 08:51,评价方未及时做出评价,系统默认好评!
538924399496,q***萍,,2017年03月31日 06:18,很好看哦，谁承非常棒
532869264475,音***城,,2017年04月14日 14:01,评价方未及时做出评价,系统默认好评!
538924399496,w***6,,2017年03月08日 11:22,好评，帮同学买的。
532869264475,财***3,颜色分类:林允儿04黑色,2017年03月18日 19:08,此用户没有填写评价。
538924399496,1***天,,2017年02月28日 12:11,很漂亮   很清楚 发货很快 服务很好
532869264475,财***3,颜色分类:金泰妍02黑色,2017年06月24日 15:33,此用户没有填写评价。
538924399496,j***x,,2017年05月17日 23:43,好评
532869264475,财***3,颜色分类:林允儿02黑色,2017年05月12日 11:38,此用户没有填写评价。
538924399496,缘***c,,2017年03月17日 13:11,不错
538924399496,t***7,,2017年06月10日 10:40,M意
538924399496,f***7,,2017年04月02日 13:30,很好
538924399496,t***2,,2017年07月21日 14:05,此用户没有填写评价。
538924399496,l***9,,2017年04月10日 09:40,评价方未及时做出评价,系统默认好评!
538924399496,a***7,,2017年08月17日 20:50,评价方未及时做出评价,系统默认好评!
538924399496,韦***店,,2017年03月27日 14:31,评价方未及时做出评价,系统默认好评!
555573375100,我***石,大小:40张&nbsp;&nbsp颜色分类:全套,2017年08月02日 13:25,挺好的，比我想象中的质量好。
538924399496,二***此,,2017年07月02日 09:00,评价方未及时做出评价,系统默认好评!
538924399496,t***6,,2017年04月18日 11:40,评价方未及时做出评价,系统默认好评!
538924399496,t***0,,2017年03月13日 15:53,此用户没有填写评价。
538924399496,可***铺,,2017年03月19日 10:30,评价方未及时做出评价,系统默认好评!
538924399496,睡***8,,2017年04月05日 12:31,评价方未及时做出评价,系统默认好评!
538924399496,s***6,,2017年03月20日 15:10,评价方未及时做出评价,系统默认好评!
538924399496,z***i,,2017年08月04日 13:50,评价方未及时做出评价,系统默认好评!
538924399496,阿***8,,2017年03月18日 16:21,评价方未及时做出评价,系统默认好评!
543167870729,嘟***d,,2017年05月12日 11:10,同学很喜欢
543167870729,l***2,大小:金色&nbsp;&nbsp颜色分类:23号图案,2017年05月19日 17:44,同学很喜欢
543167870729,泪***下,大小:银色&nbsp;&nbsp颜色分类:支持来图定制,2017年02月22日 13:37,评价方未及时做出评价,系统默认好评!
543167870729,花***1,大小:银色&nbsp;&nbsp颜色分类:13号图案,2017年02月27日 20:21,超好看的！！收到时候链子断了不过应该是快递问题一下就接回去了不碍事，真的超级美好，送给闺密她也超喜欢！
543167870729,b***蛹,大小:银色&nbsp;&nbsp颜色分类:支持来图定制,2017年07月10日 17:47,东西到了，定制图片挺好的，很好看，不错，送给女朋友她很喜欢，下次还来。
543167870729,r***n,大小:古铜色&nbsp;&nbsp颜色分类:6号图案,2017年07月09日 22:48,物流太快了
543167870729,我***人,,2017年05月14日 12:40,蛮不错的，送给别人当生日礼物的，她很喜欢金泰妍，也很喜欢这个礼物?有机会还会再来！
554860214013,少***闪,大小:6号--普版黄底牛仔卡,2017年07月18日 18:53,不错全新无暇
543167870729,青***门,,2017年03月30日 12:01,还不错哦
554860214013,少***闪,大小:11号-普版黑底撑头卡,2017年07月18日 18:53,不错还有卡套
543167870729,刘***1,,2017年06月25日 16:50,评价方未及时做出评价,系统默认好评!
554860214013,少***闪,大小:9号--普版黑底莫愁卡,2017年07月18日 18:53,不错
543167870729,红***6,,2017年05月22日 14:00,评价方未及时做出评价,系统默认好评!
554860214013,少***闪,大小:8号--普版黑底躺床卡,2017年07月18日 18:53,不错
543167870729,我***9,,2017年08月14日 12:31,评价方未及时做出评价,系统默认好评!
554860214013,h***n,大小:7号--普版黄底白背心卡,2017年08月14日 20:24,此用户没有填写评价。
543167870729,飞***8,,2017年06月28日 14:51,评价方未及时做出评价,系统默认好评!
554860214013,落***6,大小:1号--豪华版牛仔卡,2017年07月31日 13:47,此用户没有填写评价。
543167870729,c***u,,2017年04月07日 23:30,评价方未及时做出评价,系统默认好评!
554860214013,p***盘,大小:4号--豪华版莫愁卡,2017年07月18日 20:04,此用户没有填写评价。
543167870729,叶***y,,2017年03月24日 11:41,评价方未及时做出评价,系统默认好评!
554860214013,h***n,大小:4号--豪华版撑头卡,2017年08月14日 20:24,此用户没有填写评价。
543167870729,h***0,,2017年04月07日 17:40,评价方未及时做出评价,系统默认好评!
554860214013,h***n,大小:1号--豪华版牛仔卡,2017年08月14日 20:24,此用户没有填写评价。
543167870729,筱***葭,,2017年03月24日 09:00,评价方未及时做出评价,系统默认好评!
554860214013,落***6,大小:4号--豪华版撑头卡,2017年07月31日 13:47,此用户没有填写评价。
543167870729,冬***0,,2017年03月26日 15:50,评价方未及时做出评价,系统默认好评!
554860214013,h***n,大小:3号--豪华版白衬衫卡,2017年08月14日 20:24,此用户没有填写评价。
543167870729,我***9,,2017年08月14日 12:31,评价方未及时做出评价,系统默认好评!
543167870729,花***神,大小:金色&nbsp;&nbsp颜色分类:23号图案,2017年05月27日 18:14,评价方未及时做出评价,系统默认好评!
543167870729,有***店,大小:古铜色&nbsp;&nbsp颜色分类:6号图案,2017年06月29日 20:54,评价方未及时做出评价,系统默认好评!
539340083803,阿***瓜,颜色分类:照片一套,2017年08月01日 14:07,卖家超级棒啊 阿泰美哭了
539340083803,随***鑫,,2017年08月10日 23:40,评价方未及时做出评价,系统默认好评!
539340083803,野***女,,2017年02月26日 00:20,评价方未及时做出评价,系统默认好评!
539340083803,西***y,,2017年08月13日 23:20,评价方未及时做出评价,系统默认好评!
539340083803,y***3,,2017年08月15日 09:40,评价方未及时做出评价,系统默认好评!
26290672371,t***9,,2017年07月22日 13:18,卖家服务态度好，很喜欢
539340083803,随***鑫,,2017年04月19日 16:01,评价方未及时做出评价,系统默认好评!
26290672371,单***狗,,2017年03月07日 16:35,没想到很快就到了，很不错很喜欢！?
539340083803,野***女,,2017年08月04日 09:00,评价方未及时做出评价,系统默认好评!
26290672371,b***2,,2017年05月07日 02:51,因特殊情况，给我发了项链。
539340083803,t***8,,2017年04月26日 20:00,评价方未及时做出评价,系统默认好评!
26290672371,小***8,,2017年04月30日 15:11,评价方未及时做出评价,系统默认好评!
539340083803,随***鑫,,2017年08月10日 23:40,评价方未及时做出评价,系统默认好评!
26290672371,重***者,,2017年04月11日 13:32,此用户没有填写评价。
539340083803,s***1,颜色分类:拍立得,2017年03月04日 23:45,此用户没有填写评价。
26290672371,七***王,,2017年04月07日 19:52,此用户没有填写评价。
539340083803,y***3,,2017年08月15日 09:40,评价方未及时做出评价,系统默认好评!
26290672371,电***眼,,2017年07月16日 15:18,此用户没有填写评价。
26290672371,a***y,,2017年03月14日 23:10,评价方未及时做出评价,系统默认好评!
26290672371,x***5,,2017年08月16日 11:14,此用户没有填写评价。
26290672371,l***4,,2017年05月28日 20:44,此用户没有填写评价。
26290672371,t***4,,2017年03月10日 07:53,此用户没有填写评价。
26290672371,t***1,,2017年06月26日 15:30,评价方未及时做出评价,系统默认好评!
26290672371,军***a,,2017年03月16日 21:40,评价方未及时做出评价,系统默认好评!
549449313193,我***石,,2017年07月24日 22:06,选图很好，质量也好。
26290672371,栗***级,,2017年08月14日 18:20,评价方未及时做出评价,系统默认好评!
549449313193,反***此,,2017年07月05日 12:12,评价方未及时做出评价,系统默认好评!
26290672371,t***7,,2017年03月18日 21:20,评价方未及时做出评价,系统默认好评!
549449313193,尹***尔,,2017年06月29日 22:21,此用户没有填写评价。
26290672371,呵***9,,2017年04月10日 20:50,评价方未及时做出评价,系统默认好评!
549449313193,小***5,,2017年07月11日 10:28,此用户没有填写评价。
26290672371,c***神,,2017年03月06日 13:21,评价方未及时做出评价,系统默认好评!
549449313193,吴***1,,2017年06月16日 18:22,此用户没有填写评价。
26290672371,u***u,,2017年07月15日 10:29,此用户没有填写评价。
549449313193,好***了,,2017年08月19日 19:40,评价方未及时做出评价,系统默认好评!
26290672371,q***9,,2017年05月27日 21:10,评价方未及时做出评价,系统默认好评!
26290672371,小***心,,2017年07月27日 21:20,评价方未及时做出评价,系统默认好评!
521392954363,谢***2,大小:其他,2017年08月08日 12:01,超级棒。
521392954363,j***s,大小:其他,2017年06月30日 20:29,很棒
521392954363,c***吉,大小:其他,2017年03月29日 17:05,喜欢
521392954363,a***q,大小:其他,2017年04月11日 20:16,好
521392954363,t***4,,2017年05月30日 09:50,评价方未及时做出评价,系统默认好评!
521392954363,t***4,,2017年03月24日 17:51,评价方未及时做出评价,系统默认好评!
549745401671,b***y,,2017年08月11日 18:40,图片选很好，几次买都超棒棒棒棒棒，这次还送了姐姐的小胸针，上次是可爱的民国，都超级喜欢，谢谢店主！
521392954363,亲***l,大小:其他,2017年02月26日 10:40,此用户没有填写评价。
549745401671,p***7,,2017年08月04日 22:00,评价方未及时做出评价,系统默认好评!
521392954363,珍***c,,2017年07月27日 17:01,评价方未及时做出评价,系统默认好评!
549745401671,潘***a,,2017年07月11日 17:44,此用户没有填写评价。
521392954363,前***8,,2017年05月20日 09:41,评价方未及时做出评价,系统默认好评!
549745401671,野***女,,2017年07月21日 18:30,评价方未及时做出评价,系统默认好评!
521392954363,执***c,,2017年03月06日 11:10,评价方未及时做出评价,系统默认好评!
549745401671,幸***y,,2017年07月27日 09:20,评价方未及时做出评价,系统默认好评!
521392954363,t***0,大小:其他,2017年05月13日 17:46,此用户没有填写评价。
549745401671,1***5,,2017年08月06日 17:11,评价方未及时做出评价,系统默认好评!
521392954363,e***1,大小:其他,2017年06月03日 14:38,此用户没有填写评价。
549745401671,s***w,,2017年06月22日 00:34,此用户没有填写评价。
521392954363,一***师,,2017年04月08日 11:36,评价方未及时做出评价,系统默认好评!
549745401671,野***女,,2017年08月11日 17:10,评价方未及时做出评价,系统默认好评!
521392954363,t***宋,,2017年06月13日 10:02,评价方未及时做出评价,系统默认好评!
549745401671,月***9,,2017年06月19日 21:33,此用户没有填写评价。
521392954363,t***4,,2017年06月22日 10:31,评价方未及时做出评价,系统默认好评!
549745401671,b***y,,2017年06月21日 17:18,此用户没有填写评价。
521392954363,e***豆,大小:其他,2017年08月04日 22:51,此用户没有填写评价。
549745401671,时***更,,2017年07月28日 17:39,此用户没有填写评价。
521392954363,宝***友,大小:其他,2017年04月26日 14:50,此用户没有填写评价。
521392954363,y***7,,2017年07月21日 22:40,评价方未及时做出评价,系统默认好评!
521392954363,z***5,大小:其他,2017年03月06日 18:55,此用户没有填写评价。
521392954363,开***姐,,2017年03月09日 13:31,评价方未及时做出评价,系统默认好评!
539456361222,袁***9,大小:15x18cm&nbsp;&nbsp颜色分类:泰妍2,2017年03月17日 00:52,此用户没有填写评价。
555994814092,禁***泰,颜色分类:透扇+透卡,2017年08月13日 20:58,此用户没有填写评价。
523211568317,我***霖,大小数量:3寸100张铁盒装,2017年06月24日 15:08,很满意，颜色很好。清晰度也很好，很喜欢。如果有新品还回来的。
523211568317,芒***允,大小数量:4寸100张+相册,2017年06月09日 19:56,很仙了我们泰
523211568317,我***岸,大小数量:4寸100张 铁盒装,2017年06月09日 12:38,有几张重复的，不过毕竟是我抽，多几张也没关系的啦，金泰妍大发！！！
523211568317,我***成,大小数量:4寸100张+相册,2017年06月12日 09:56,很满意！棒棒哒！
523211568317,t***5,大小数量:4寸100张 铁盒装,2017年03月27日 22:52,M意 有重} 如果相片有再更新的D那就更好
523211568317,啊***y,大小数量:4寸50张  铁盒装,2017年04月02日 15:08,有的有点模糊，不过还是很好
523211568317,龚***q,大小数量:4寸100张 铁盒装,2017年03月09日 13:55,还好，就是有一张重复的
523211568317,琰***3,大小数量:6寸20张  无赠品,2017年06月30日 17:28,蛮好的
523211568317,墨***若,大小数量:4寸100张 铁盒装,2017年03月12日 13:18,很喜欢
523211568317,油***1,,2017年05月19日 17:00,评价方未及时做出评价,系统默认好评!
523211568317,t***9,大小数量:4寸100张 铁盒装,2017年03月07日 18:45,此用户没有填写评价。
523211568317,想***儿,大小数量:4寸100张 铁盒装,2017年06月29日 11:06,此用户没有填写评价。
523211568317,唐***展,大小数量:4寸100张 铁盒装,2017年07月07日 15:09,此用户没有填写评价。
523211568317,f***惑,,2017年02月22日 23:20,评价方未及时做出评价,系统默认好评!
523211568317,***志,大小数量:3寸100张铁盒装,2017年05月08日 14:31,此用户没有填写评价。
523211568317,有***9,,2017年07月09日 18:01,评价方未及时做出评价,系统默认好评!
523211568317,t***0,,2017年02月26日 16:40,评价方未及时做出评价,系统默认好评!
523211568317,香***0,,2017年07月07日 17:40,评价方未及时做出评价,系统默认好评!
523211568317,r***户,大小数量:4寸100张 铁盒装,2017年04月18日 19:51,此用户没有填写评价。
523211568317,j***帝,大小数量:4寸50张  铁盒装,2017年06月20日 19:02,此用户没有填写评价。
