id,selas,user,titles,sku,date,content
id,selas,user,titles,sku,date,content
1192475,690000,j***t,【京东超市】完美芦荟胶40g 3支装,3支装,2017-07-29 06:42:35,收货之前心里还很忐忑，怕会是假的，结果收到货之后完全放心了，打开试了一下，还是那个感觉，还是那个淡淡的香味，真的非常不错，相信前几天长得痘痘很快就会消失的，么么哒，京东自营真的特别让我放心，百分百真品，快递也特别特别给力，不仅速度快，快递员也特别负责，态度很好，这次购物非常满意！
1192475,690000,c***y,【京东超市】完美芦荟胶40g 3支装,3支装,2017-01-20 13:57:18,查了下，是正货。套装三个按查询是两家店。可以理解为跟ZHI消员（看店名可能两家店本来老板就一个人）拿货，然后卖出来。由于量多，ZHI消员可能级别高优惠也高，薄利走量&hellip;&hellip;
1192475,690000,村***9,【京东超市】完美芦荟胶40g 3支装,3支装,2017-05-02 08:43:02,国货精品，我一直用，保湿效果好，吸收快。
1192475,690000,GZ-郭伟,【京东超市】完美芦荟胶40g 3支装,2支装,2016-10-28 20:48:41,第一次购买芦荟胶，效果很好，我很喜欢，感谢京东，用完之后还会继续购买的，下一次还会继续购买的！感谢京东！
1192475,690000,小***9,【京东超市】完美芦荟胶40g 3支装,3支装,2016-12-10 21:57:37,已经买了好几次了，老婆用了十瓶了，一直是他们家的，老婆的手是油烫的，可怜我的老婆了，说起来都是泪啊
真想把老婆的手恢复到以前的样子，不知道芦荟胶能不能达到这个效果了&hellip;&hellip;
1192475,690000,j***u,【京东超市】完美芦荟胶40g 3支装,3支装,2017-07-23 19:05:54,我就搞不懂了，为嘛有那么多人说假的，真的，那么想买真的，你就去专卖店买嘛！多省事！我个人觉得，用着还不错！挺湿润的，味道也清凉。不刺激！冬天用他加大宝，效果杠杠的！保湿，抗冻，都不错！一直在用，没停过！
1192475,690000,j***e,【京东超市】完美芦荟胶40g 3支装,3支装,2017-05-20 13:37:32,第一次买格力，送货员，安装人员，拆机人员态度都不错，一个下午全部搞定两台，效率不错。静待使用一段后再来追加评论。。。。。。第一次买格力，送货员，安装人员，拆机人员态度都不错，一个下午全部搞定两台，效率不错。静待使用一段后再来追加评论。。。。。。第一次买格力，送货员，安装人员，拆机人员态度都不错，一个下午全部搞定两台，效率不错。静待使用一段后再来追加评论。。。。。。
1192475,690000,快***杜,【京东超市】完美芦荟胶40g 3支装,3支装,2017-05-16 08:51:04,芦荟胶消炎止痒效果不错。主要是给宝宝用的。宝宝肌肤娇嫩，用药用止痒的太刺激，用芦荟胶正好。还没有副作用。推荐京东自营，品质有保证。
1192475,690000,k***o,【京东超市】完美芦荟胶40g 3支装,3支装,2016-12-02 01:36:02,和我之前在完美专卖店买的真的不一样！之前看评论说是假货还有点不相信，对比了一下实体店专柜的，颜色，字体，印刷都不一样，有点害怕不敢往脸上抹了！毕竟抹脸的东西，门口有家专卖店，准备拿去做个鉴定是否是正品！～
1192475,690000,l***1,【京东超市】完美芦荟胶40g 3支装,3支装,2017-08-18 12:17:41,比外面卖的便宜多了，正品，第二次购买了
4961892,110000,j***3,【京东超市】韩后（Hanhoo）水嘟嘟补水鲜嫩面膜套装30片（芦荟+雪绒花+蜂蜜面膜贴 保湿补水亮颜 ）,水嘟嘟补水面膜30片,2017-08-13 13:16:31,超值装！很划算！用了片芦荟的！很水润！
4961892,110000,明***6,【京东超市】韩后（Hanhoo）水嘟嘟补水鲜嫩面膜套装30片（芦荟+雪绒花+蜂蜜面膜贴 保湿补水亮颜 ）,保湿防晒霜80g,2017-04-21 01:35:55,这是我去海边玩的时候买的，个人感觉还是不错的，那天出门特意去厕所涂了阳光可照射的地方，那是中午12点半左右出去的，晒了一下午，下午4点钟回的酒店，没有一点事！效果很不错！
但是第二天早上，我却忘记涂了，早上10点半左右想去海边骑自行车，结果只出去一个半小时左右吧，回来后，到下午手臂和脸都红了，很明显！所以，去海边或者太阳直射，如果不想晒黑可以试试这个！给京东一个赞，给这个产品一个赞！
4961892,110000,p***3,【京东超市】韩后（Hanhoo）水嘟嘟补水鲜嫩面膜套装30片（芦荟+雪绒花+蜂蜜面膜贴 保湿补水亮颜 ）,茉莉精油补水套装,2017-06-15 21:31:48,包装好漂亮呀，香味也很好闻。特别喜欢里边的小样三件套。就是玻璃瓶的话，就乳液比较难倒出来。我在手上涂的乳液做的测试。补水锁水效果没有想象中那么好。这是没涂之前的水分表和涂完马上测试的值，估计过一两个小时水分子就要下来了。茉莉的，是比较清爽。到2020年过期，日期很新鲜。
4961892,110000,小***m,【京东超市】韩后（Hanhoo）水嘟嘟补水鲜嫩面膜套装30片（芦荟+雪绒花+蜂蜜面膜贴 保湿补水亮颜 ）,雪玲珑透白六件套,2017-06-29 13:53:55,618活动期间买的，活动价格很划算，之前已经在京东买过一套这款的护肤品，用着效果也不错，这次价格也实惠，就赶紧又买了一套，还送了赠品，赠品里有防晒霜，正值夏季，很及时的赠品，用完有活动会再购买的，京东购物很不错，方便快捷，品质有保障，送货上门很方便，快递员服务也很好，点赞！
4961892,110000,面***l,【京东超市】韩后（Hanhoo）水嘟嘟补水鲜嫩面膜套装30片（芦荟+雪绒花+蜂蜜面膜贴 保湿补水亮颜 ）,水嘟嘟补水面膜30片,2017-08-01 00:03:34,偶然一次机会用了那款亮嘟嘟雪绒花，简直找到真爱！买上路转粉韩后！买了好多哦！会一直一直用！
4961892,110000,j***h,【京东超市】韩后（Hanhoo）水嘟嘟补水鲜嫩面膜套装30片（芦荟+雪绒花+蜂蜜面膜贴 保湿补水亮颜 ）,玫瑰精油亮肤套装,2017-07-19 17:07:35,第一次买的护肤品，买来试试看，还没用，包装盒挺漂亮的，凑单买的，比商场划算的多，昨天下的单，今天上午就到了
4961892,110000,总***时,【京东超市】韩后（Hanhoo）水嘟嘟补水鲜嫩面膜套装30片（芦荟+雪绒花+蜂蜜面膜贴 保湿补水亮颜 ）,雪玲珑透白六件套,2017-08-05 09:30:23,汉 语:我来打酱油。 英 语:It's none of my business .I come to buy some sauce. 德 语:Ich bezogen, was ich kam zu einer Soja-So?e. 法 语:Je lis ce qui, j'en suis arriv une sauce de soja. 荷 兰 语:Ik gerelateerd wat, kwam ik tot een sojasaus. 俄 语:Я,касающихся того, что я пришел к соевым соусом. 西班牙语:Relacionados con lo que yo, me vino a un salsa de soja. 意大利语:I relativi cosa, sono venuto a una salsa di soia. 日 本 语:私v连したどのような、私がしてn油. 希 腊 语:I &sigma;&chi;&epsilon;&tau;&iota;&kappa;? ? &tau;&iota; ? &rho;&theta;&alpha; &sigma;&epsilon; &mu;&iota;&alpha; &sigma;? &lambda;&tau;&sigma;&alpha; &sigma;? &gamma;&iota;&alpha;?
4961892,110000,z***0,【京东超市】韩后（Hanhoo）水嘟嘟补水鲜嫩面膜套装30片（芦荟+雪绒花+蜂蜜面膜贴 保湿补水亮颜 ）,水嘟嘟补水面膜30片,2017-06-27 15:01:38,为了凑够十个字的好评我也是拼了的！
4961892,110000,咪***妙,【京东超市】韩后（Hanhoo）水嘟嘟补水鲜嫩面膜套装30片（芦荟+雪绒花+蜂蜜面膜贴 保湿补水亮颜 ）,雪玲珑透白六件套,2017-07-19 17:24:16,看起来不错！应该是正品！价格是活动价！很亲民！只是天气太热了！还没有用过！等天气凉爽些再用！值得期待！
4961892,110000,L***戴,【京东超市】韩后（Hanhoo）水嘟嘟补水鲜嫩面膜套装30片（芦荟+雪绒花+蜂蜜面膜贴 保湿补水亮颜 ）,水嘟嘟补水面膜30片,2017-07-08 10:52:58,性价比很高，第一次用，感觉还可以，皮肤没有什么不适，就是里面水好像不是很多，倒也避免多余用不掉的浪费了。用完皮肤也没什么特别的感觉，每天一片比较合适，挺薄的，总体还可以吧
906624,260000,n***0,【京东超市】自然共和国 Nature Republic芦荟胶舒缓保湿凝胶300ml（约300g）进口补水保湿舒缓晒后修复面膜,芦荟,2017-06-22 16:31:00,面膜质量很好，还是高丽进口，京东品牌有保证，是正品，京东618大促活动给力，买了好多，给力好评，物流速度快，618次日达，基本没有拖延，618满减活动再加上用券，比半折价还要低，所以囤了好多家用的，很实惠，很给力，价格变化波动快，赶上活动价大采购满减最赞，需注意的是，价格变化实在太快，有些东西不知道什么时候价格就会突然变动，像凌晨价还是便宜的，早上起来又上调价格了，所以必须抓住好时机下手，嗯，就酱。结果嘞，熬夜奋斗了好多天真是心累，就试买的我家到处都是洗衣液纸巾化妆品，都快能开超市了[亲亲]
906624,260000,j***i,【京东超市】自然共和国 Nature Republic芦荟胶舒缓保湿凝胶300ml（约300g）进口补水保湿舒缓晒后修复面膜,芦荟胶1支装,2017-07-14 14:47:24,更多的时候是在晚上用的，每天晚上睡觉之前，洗完脸然后擦上它，也不用再洗了就可以睡了，感觉很不错，有淡淡的香味
906624,260000,蒙***懒,【京东超市】自然共和国 Nature Republic芦荟胶舒缓保湿凝胶300ml（约300g）进口补水保湿舒缓晒后修复面膜,芦荟胶1支装,2017-06-20 16:35:18,这个是第二次在京东买了，是官方旗舰店促销买的，很实用，拿来做面膜，当晚间修复都很好用，最重要的是特别实惠，而且也不用担心是不是正品，反正是有京东的品质保障的，618这个节日太好了，能让我们买到实惠又好用的护肤品。
906624,260000,l***8,【京东超市】自然共和国 Nature Republic芦荟胶舒缓保湿凝胶300ml（约300g）进口补水保湿舒缓晒后修复面膜,芦荟胶1支装,2017-08-07 19:56:12,这个芦荟胶一直在用，效果很好，很天然，适合过敏体质的人群，之前老婆因为过敏脸上长痘，用了这款产品之后就全消了，价钱相对较低，用过完美的产品，这款价钱和小支的完美芦荟胶差不多，总之很满意吧，下次还会买！
906624,260000,愿***之,【京东超市】自然共和国 Nature Republic芦荟胶舒缓保湿凝胶300ml（约300g）进口补水保湿舒缓晒后修复面膜,芦荟胶4支装,2017-06-22 07:49:08,芦荟胶真是太好用了，晒后修复，补水必备啊，给快递小哥赞一个，京东快递没得说。赞。
906624,260000,0***0,【京东超市】自然共和国 Nature Republic芦荟胶舒缓保湿凝胶300ml（约300g）进口补水保湿舒缓晒后修复面膜,芦荟胶1支装,2017-06-22 18:19:20,包装完整，快递速度，味道清香，吸收快6.18买的便宜的多。包装完整，快递速度，味道清香，吸收快6.18买的便宜的多。包装完整，快递速度，味道清香，吸收快6.18买的便宜的多。包装完整，快递速度，味道清香，吸收快6.18买的便宜的多。
906624,260000,哈***汁,【京东超市】自然共和国 Nature Republic芦荟胶舒缓保湿凝胶300ml（约300g）进口补水保湿舒缓晒后修复面膜,芦荟胶1支装,2017-08-03 00:53:57,涂身体涂脸都很舒服，很滋润，下次再买！补水效果特别好，还有一股淡淡的香味。好评！
906624,260000,番***酱,【京东超市】自然共和国 Nature Republic芦荟胶舒缓保湿凝胶300ml（约300g）进口补水保湿舒缓晒后修复面膜,芦荟胶2支装,2017-06-20 17:52:37,做人十不要不要自视清高天外有天，人上有人，淡泊明志，宁静致远。当别人把你当领导时，自己不要把自己当领导，当别人不把你当领导时，自己一定要把自己当领导，权力是一时的，金钱是身外的，身体是自己的，做人是长久的。不要盲目承诺，言而有信。种下行动就会收获习惯；种下习惯便会收获性格；种下性格便会收获命运&mdash;&mdash;习惯造就一个人。不要轻易求人，把自己当别人把别人当自己&mdash;&mdash;同情不幸，理解需要；把别人当别人&mdash;&mdash;尊重独立性，不侵犯他人；把自己当自己&mdash;&mdash;珍惜自己，快乐生活。能够认识别人是一种智慧，能够被别人认识是一种幸福，能够自己认识自己是圣者贤人。不要强加于人人本是人，不必刻意去做人。世本是世，无须精心去处世。人生三种境界：看山是山，看水是水&mdash;&mdash;人之初；看山不是山，看水不是水&mdash;&mdash;人到中年；看山还是山，看水还是水&mdash;&mdash;回归自然。不要取笑别人，损害他人人格，快乐一时，伤害一生。生命的整体是相互依存的，世界上每一样东西都依赖其它另一样东西，学会感恩。感恩大自然的福佑，感恩父母的养育，感恩社会的安定，感恩食之香甜，感恩衣之温暖，感恩花草鱼虫，感恩苦难逆境。
906624,260000,j***m,【京东超市】自然共和国 Nature Republic芦荟胶舒缓保湿凝胶300ml（约300g）进口补水保湿舒缓晒后修复面膜,芦荟胶1支装,2017-07-23 19:36:49,一直在用这个牌子的芦荟胶，保湿效果特别理想，去油防脱皮，清爽宜人。
906624,260000,d***0,【京东超市】自然共和国 Nature Republic芦荟胶舒缓保湿凝胶300ml（约300g）进口补水保湿舒缓晒后修复面膜,芦荟胶1支装,2017-06-24 05:44:48,一直都听说芦荟胶好用，刚好活动凑单买了一瓶。很大一瓶，物流给力！
1043860,340000,z***9,【京东超市】自然共和国 Nature Republic芦荟舒缓保湿凝胶300ml*2（约600g）进口补水保湿舒缓晒后修复面膜,芦荟胶2支装,2017-08-01 23:33:53,晶莹剔透。。。。。。。。搞活动买的。。。。。。。。一下买个六盒，太划算了。。。味道好极了。。。。送人了几合，都说用着好。。。。
1043860,340000,j***7,【京东超市】自然共和国 Nature Republic芦荟舒缓保湿凝胶300ml*2（约600g）进口补水保湿舒缓晒后修复面膜,芦荟胶+芦荟洁面,2017-06-21 14:15:45,第一次在京东买这个产品。回来后包装完好 还没有使用 用后会追评！
1043860,340000,蔡***敏,【京东超市】自然共和国 Nature Republic芦荟舒缓保湿凝胶300ml*2（约600g）进口补水保湿舒缓晒后修复面膜,芦荟胶2支装,2017-05-27 23:13:26,啦啦啦啦啦啦啦啦啦啦啦啦啦啦啦啦啦啦啦啦啦啦啦啦啦啦啦啊啦啦啦啦啦啦啦啦啦啦啦啦啦啊啦啦喜欢京东的速度，就是不懂辨真假
1043860,340000,夜***啊,【京东超市】自然共和国 Nature Republic芦荟舒缓保湿凝胶300ml*2（约600g）进口补水保湿舒缓晒后修复面膜,芦荟胶2支装,2017-06-06 17:10:11,暧昧
作词：薛之谦
作曲：薛之谦
演唱：薛之谦
歌词：
反正现在的感情 都暧昧
你大可不必为难 找般配
付出过的人排队 谈体会
趁年轻别害怕一个人睡
可能是现在感情 太昂贵
让付出真心的人 好狼狈
还不如听首情歌 的机会 忘了谁

感情像牛奶一杯 越甜越让人生畏
都早有些防备 润色前的原味
所以人们都拿起咖啡 把试探放在两人位
距离感一对 就不必再赤裸相对

反正现在的感情 都暧昧
你大可不必为难 找般配
付出过的人排队 谈体会
弃之可惜 食而无味
可能是现在感情 太珍贵
让付出真心的人 好疲惫
谁不曾用过卑微的词汇 想留住谁

还贪恋着衣衫昂贵 却输给了廉价香水
他先诱你入位 还刻意放低了分贝
可感情越爱越妩媚 像烂掉的苹果一堆
连基因都不对 还在意什么鱼腥味

反正现在的感情 都暧昧
你大可不必为难 找般配
何必给自己沉迷 的机会
不如用误会来结尾
反正现在的我们 算暧昧
我愿意给的感情 请浪费
反正流过的眼泪 难收回
就别再安慰

看你入眠的侧脸 有多美
和你丢下的一切 好匹配
我还以为我能 多狼狈
我自以为
1043860,340000,j***r,【京东超市】自然共和国 Nature Republic芦荟舒缓保湿凝胶300ml*2（约600g）进口补水保湿舒缓晒后修复面膜,芦荟胶2支装,2017-07-30 08:05:51,仰慕如滔滔江水连绵不绝,海枯石烂,天崩地裂,永不变心。 收到货后，我的心情竟是久久不能平静。自古英雄出少年,卖家年纪轻轻,就有经天纬地之才,定国安邦之智,而今,天佑我大中华,沧海桑田5000年,神州平地一声雷,飞沙走石,大雾迷天,朦胧中,只见顶天立地一金甲天神立于天地间，花见花开，人见人爱,这人英雄手持双斧,二目如电,一斧下去,混沌初开,二斧下去,女娲造人,三斧下去,小生倾倒。得此好宝贝,实乃国之幸也,民之福，人之初也,怎不叫人喜极而泣 .......看着宝贝，我竟产生出一种无以名之的悲痛感&mdash;&mdash;啊，这么好的宝贝，如果将来我再也买不到了，那我该怎么办？直到我毫不犹豫地把卖家的这个宝贝收藏了，我内心的那种激动才逐渐平静下来。可是我立刻想到，这么好的宝贝，倘若别人看不到，那么不是浪费老板的心血吗？经过痛苦的思想斗争，我终于下定决心，牺牲小我，奉献大我。我要以此评价奉献给世人赏阅，我要给好评、给好评&hellip;&hellip;评到所有人都看到为止!!! 0
1043860,340000,扬***D,【京东超市】自然共和国 Nature Republic芦荟舒缓保湿凝胶300ml*2（约600g）进口补水保湿舒缓晒后修复面膜,芦荟胶4支装,2017-06-16 13:07:24,买了好多次了，好用
1043860,340000,礼和静乐邱建行,【京东超市】自然共和国 Nature Republic芦荟舒缓保湿凝胶300ml*2（约600g）进口补水保湿舒缓晒后修复面膜,芦荟胶4支装,2017-03-13 10:22:17,我一直用自然乐园的保湿芦荟，我觉得它哪里都好，唯一不好的就是韩国不男不女团代言，对他们这种妖精明星我想侮辱他们。
1043860,340000,j***虫,【京东超市】自然共和国 Nature Republic芦荟舒缓保湿凝胶300ml*2（约600g）进口补水保湿舒缓晒后修复面膜,芦荟胶2支装,2017-06-10 17:22:37,包装跟我在外面买的有点区别，打开试用了。味道差不多，同样是水水的，应该是正品！
1043860,340000,蜜***喃,【京东超市】自然共和国 Nature Republic芦荟舒缓保湿凝胶300ml*2（约600g）进口补水保湿舒缓晒后修复面膜,芦荟胶2支装,2017-07-20 09:35:31,日期挺新的，香味不重，跟朋友从韩国带的差不多，补水效果很好，晒后修复很好用。
1043860,340000,小***9,【京东超市】自然共和国 Nature Republic芦荟舒缓保湿凝胶300ml*2（约600g）进口补水保湿舒缓晒后修复面膜,芦荟胶2支装,2017-06-12 18:28:46,非常好的产品，一如既往的支持京东商城，在这里购物放心售后有保障，退换货太方便了，每年都会买很多东西，希望你们保持这种态势，继续保证给客户提供高质量的产品，和高质量的服务，我会一直支持你们的，一起成长。非常好的产品，一如既往的支持京东商城，在这里购物放心售后有保障，退换货太方便了，每年都会买很多东西，希望你们保持这种态势，继续保证给客户提供高质量的产品，和高质量的服务，我会一直支持你们的，一起成长。
1024416695,42000,湖***园,肤稚美祛痘霜祛痘膏30g 去痘印痘坑祛痘印膏痘痕痘疤青春痘芦荟胶套装男女士痘痘祛痘产品凝胶,,2016-08-09 12:43:18,我以为就两瓶，没想到那么多东西，先用着试试！有效果来追评！！
1024416695,42000,j***w,肤稚美祛痘霜祛痘膏30g 去痘印痘坑祛痘印膏痘痕痘疤青春痘芦荟胶套装男女士痘痘祛痘产品凝胶,,2017-02-11 17:27:37,包装特别精致，涂在脸上冰冰的，很舒服，评价这么高，肯定有用！
1024416695,42000,jd_132161ltx,肤稚美祛痘霜祛痘膏30g 去痘印痘坑祛痘印膏痘痕痘疤青春痘芦荟胶套装男女士痘痘祛痘产品凝胶,,2017-03-17 13:02:33,包装很精美。脸上痘痘都消掉了，皮肤也光滑了，人也变的精神多了
1024416695,42000,夜***殒,肤稚美祛痘霜祛痘膏30g 去痘印痘坑祛痘印膏痘痕痘疤青春痘芦荟胶套装男女士痘痘祛痘产品凝胶,,2017-03-02 15:42:02,看起来还不错，先试一段时间看效果再说，效果好继续再来。
1024416695,42000,何***利,肤稚美祛痘霜祛痘膏30g 去痘印痘坑祛痘印膏痘痕痘疤青春痘芦荟胶套装男女士痘痘祛痘产品凝胶,,2017-06-13 22:01:16,好用，嘴角经常长痘痘，皮肤也比较油，用这个效果很明显，一天就见效了
1024416695,42000,霍***勃,肤稚美祛痘霜祛痘膏30g 去痘印痘坑祛痘印膏痘痕痘疤青春痘芦荟胶套装男女士痘痘祛痘产品凝胶,,2017-02-11 11:07:17,用了一天  暂时没有什么效果  期待
1024416695,42000,jd_132161vnl,肤稚美祛痘霜祛痘膏30g 去痘印痘坑祛痘印膏痘痕痘疤青春痘芦荟胶套装男女士痘痘祛痘产品凝胶,,2017-03-17 13:18:27,效果很明显啊，痘痘明显去掉了很多，好多原先的痘坑也平了好多了。推荐
1024416695,42000,李***h,肤稚美祛痘霜祛痘膏30g 去痘印痘坑祛痘印膏痘痕痘疤青春痘芦荟胶套装男女士痘痘祛痘产品凝胶,,2017-05-18 18:26:11,东西已收到，物流很快，商家的服务态度很好，就是还没使用了
1024416695,42000,浪***8,肤稚美祛痘霜祛痘膏30g 去痘印痘坑祛痘印膏痘痕痘疤青春痘芦荟胶套装男女士痘痘祛痘产品凝胶,,2017-06-14 13:03:20,宝贝收到了，质量还可以，现在在用。用这些需要一段时间才能 把脸弄好。好评
1024416695,42000,j***q,肤稚美祛痘霜祛痘膏30g 去痘印痘坑祛痘印膏痘痕痘疤青春痘芦荟胶套装男女士痘痘祛痘产品凝胶,,2016-12-05 17:18:06,包装挺好，有点药香，睡前用很合适很舒服。
1654978178,8100,金***9,屈臣氏天丝面膜贴30片套装(纳豆10片+芦荟10片+蜗牛10片) 新旧包装替换随机发货,,2017-06-27 15:30:22,保质期到2020年，满满的一大箱，够用好几个月了。
还有好多赠品，实体店可没有这么多的赠品哦！
1654978178,8100,j***7,屈臣氏天丝面膜贴30片套装(纳豆10片+芦荟10片+蜗牛10片) 新旧包装替换随机发货,,2017-06-16 15:32:03,收到了！就是物流太慢了。等的好着急！还赠送了8片山羊奶面膜！面膜已经放冰箱了！哈哈....
1654978178,8100,司***涛,屈臣氏天丝面膜贴30片套装(纳豆10片+芦荟10片+蜗牛10片) 新旧包装替换随机发货,,2017-03-25 12:01:34,宝贝儿已经收到，京东小哥儿服务真好等了30分钟，速度真给力，快，快，快。宝贝儿已经开始用了，还是原来的质量，效果还是一样的给力，绝对正品，一如既往的支持京东，希望京东还是像现在一样服务高，质量高，送货快。。。
1654978178,8100,y***6,屈臣氏天丝面膜贴30片套装(纳豆10片+芦荟10片+蜗牛10片) 新旧包装替换随机发货,,2017-07-27 13:58:20,屈臣氏大品牌，质量保证。确实比实体店便宜很多。还有卖家用心的赠品。
1654978178,8100,j***7,屈臣氏天丝面膜贴30片套装(纳豆10片+芦荟10片+蜗牛10片) 新旧包装替换随机发货,,2017-01-15 11:36:03,很喜欢！都买了好几次了，补水效果很好
1654978178,8100,j***p,屈臣氏天丝面膜贴30片套装(纳豆10片+芦荟10片+蜗牛10片) 新旧包装替换随机发货,,2017-03-06 14:01:17,第二张图是赠品，面膜还没用，看这包装，服务都感觉棒棒哒~~~~~~
1654978178,8100,夕***头,屈臣氏天丝面膜贴30片套装(纳豆10片+芦荟10片+蜗牛10片) 新旧包装替换随机发货,,2017-06-18 06:55:04,水份多，效果好，值得推荐，京东的屈臣氏就是棒。
1654978178,8100,y***7,屈臣氏天丝面膜贴30片套装(纳豆10片+芦荟10片+蜗牛10片) 新旧包装替换随机发货,,2017-02-12 09:05:46,还没用，是正品，送了好多东西呀&hellip;
1654978178,8100,s***1,屈臣氏天丝面膜贴30片套装(纳豆10片+芦荟10片+蜗牛10片) 新旧包装替换随机发货,,2017-06-09 15:43:15,送的补水面膜，很喜欢，还有修眉刀
1654978178,8100,j***h,屈臣氏天丝面膜贴30片套装(纳豆10片+芦荟10片+蜗牛10片) 新旧包装替换随机发货,,2017-06-20 20:26:27,从未质疑过京东的质量，99得40片面膜感觉还是很不错的发货速度快，昨天下单今天就到了，第一次用这个品牌，希望好用
610898,690000,z***i,【京东超市】完美芦荟胶40g,3支装,2016-12-19 13:54:00,速度 速度 没什么可说的 看图吧
610898,690000,虎***-,【京东超市】完美芦荟胶40g,1支装,2017-08-03 19:27:55,今天刚买，效果用了才能知道，先用着以后再追评。
610898,690000,t***8,【京东超市】完美芦荟胶40g,3支装,2016-12-25 18:59:05,感觉送货的速度还是很快的，用了感觉还可以，过段时间再看看长期效果
610898,690000,j***t,【京东超市】完美芦荟胶40g,3支装,2017-07-29 06:42:35,收货之前心里还很忐忑，怕会是假的，结果收到货之后完全放心了，打开试了一下，还是那个感觉，还是那个淡淡的香味，真的非常不错，相信前几天长得痘痘很快就会消失的，么么哒，京东自营真的特别让我放心，百分百真品，快递也特别特别给力，不仅速度快，快递员也特别负责，态度很好，这次购物非常满意！
610898,690000,j***9,【京东超市】完美芦荟胶40g,1支装,2016-12-30 11:41:27,货到了，不知道是真是假，请大神鉴定。
610898,690000,王***5,【京东超市】完美芦荟胶40g,2支装,2016-12-23 20:24:17,商品不错，价位也蛮好，物流很给力～～～
610898,690000,c***y,【京东超市】完美芦荟胶40g,3支装,2017-01-20 13:57:18,查了下，是正货。套装三个按查询是两家店。可以理解为跟ZHI消员（看店名可能两家店本来老板就一个人）拿货，然后卖出来。由于量多，ZHI消员可能级别高优惠也高，薄利走量&hellip;&hellip;
610898,690000,村***9,【京东超市】完美芦荟胶40g,3支装,2017-05-02 08:43:02,国货精品，我一直用，保湿效果好，吸收快。
610898,690000,c***l,【京东超市】完美芦荟胶40g,1支装,2017-07-09 10:34:41,买了好几次了，然后这一次是把自己的带走了，然后给家里面留一个挺好用的，这个还不错。
610898,690000,小***9,【京东超市】完美芦荟胶40g,3支装,2016-12-10 21:57:37,已经买了好几次了，老婆用了十瓶了，一直是他们家的，老婆的手是油烫的，可怜我的老婆了，说起来都是泪啊
真想把老婆的手恢复到以前的样子，不知道芦荟胶能不能达到这个效果了&hellip;&hellip;
2012514,7600,美***龙,【京东超市】法兰琳卡（FRANIC）芦荟黄瓜补水面贴膜23ml 补水保湿面膜,芦荟黄瓜补水面贴膜1片,2017-08-15 20:39:16,面膜5张*，这个活动超给力。买了20片，还有比我买的多好多的。不知道面膜是不是假的，哈哈哈哈哈哈
都是好品牌的，法莱琳卡，韩后，一叶子等等
2012514,7600,j***3,【京东超市】法兰琳卡（FRANIC）芦荟黄瓜补水面贴膜23ml 补水保湿面膜,芦荟清透补水面膜10片,2017-08-17 08:30:48,已收到，是正品 放心购买 ，很不错???，没买过时还有点担心，可以放心购
不错???
2012514,7600,再***纳,【京东超市】法兰琳卡（FRANIC）芦荟黄瓜补水面贴膜23ml 补水保湿面膜,芦荟黄瓜补水面贴膜1片,2017-08-09 17:29:27,领的神券入手的，很划算。。。。领的神券入手的，很划算。。。。领的神券入手的，很划算。。。。领的神券入手的，很划算。。。。
2012514,7600,C***s,【京东超市】法兰琳卡（FRANIC）芦荟黄瓜补水面贴膜23ml 补水保湿面膜,芦荟黄瓜补水面贴膜1片,2017-08-17 19:56:37,京东是在用心做电商&mdash;&mdash;商品好,价格公道，自己盈利的同时赢得好口碑。首先要说的是活动力度大，客服服务贴心，惠及广大消费者; 其次是发货快，包装严实完好,配送员素质高; 最后是东西售后有保障，无忧延保长，价保服务维护了广大消费者的利益!
2012514,7600,夏***1,【京东超市】法兰琳卡（FRANIC）芦荟黄瓜补水面贴膜23ml 补水保湿面膜,美白面贴膜1片,2017-08-10 08:54:42,京东优惠，买了好多东西，质量保证，物美价廉，赶上优惠，便宜多多！
2012514,7600,j***0,【京东超市】法兰琳卡（FRANIC）芦荟黄瓜补水面贴膜23ml 补水保湿面膜,美白10片+芦荟补水10片+花苞水,2017-08-10 21:45:25,不错，好用，正品，期待下个光顾，
2012514,7600,j***0,【京东超市】法兰琳卡（FRANIC）芦荟黄瓜补水面贴膜23ml 补水保湿面膜,玫瑰美白面膜10片,2017-08-10 21:44:46,不错，好用，正品，期待下个光顾，
2012514,7600,N***-,【京东超市】法兰琳卡（FRANIC）芦荟黄瓜补水面贴膜23ml 补水保湿面膜,芦荟黄瓜补水面贴膜1片,2017-08-10 13:36:55,君不见，黄河之水天上来，奔流到海不复回。君不见，高堂明镜悲白发，朝如青丝暮成雪。
2012514,7600,j***L,【京东超市】法兰琳卡（FRANIC）芦荟黄瓜补水面贴膜23ml 补水保湿面膜,芦荟黄瓜补水面贴膜1片,2017-08-17 00:37:39,很不错?，非常喜欢？京东快递速度就是快！第二天就到了！
2012514,7600,莫***3,【京东超市】法兰琳卡（FRANIC）芦荟黄瓜补水面贴膜23ml 补水保湿面膜,芦荟黄瓜补水面贴膜1片,2017-08-09 15:35:54,几年前逛京东还不是那么的信任京东，现在信赖首选京东，默默哒一直看着它一年一年发展的越来越好，心里也在为京东发展壮大而加油打气。为什么我喜欢京东购物，因为可以当天买自己喜欢的商品，明天就可以到达客户的家中，为什么我所有的评价都相同，因为在京东买的东西太多太多，商品积累的太多没有评价，最佩服的，还是京东物流，有时晚上11点前动动手指，购买的商品，第二天上午就送到单位或者家里，还可以刷卡付款。【我是湖北省～孝感市】自营的商品挺有保证，售后，有问题打专属客服热线。客服很赞，一句话的事儿，直接上门取件退，上门更换新商品，家电有价保，一个月退货，半年换货，实体店儿弱爆了，根本没有竞争力与京东相提并论；比老家的商铺街上的价格省了一大截票子哈，宝宝平时基本不逛街，在家逛京东商城就能买到合意的超值商品，有些明显比超市还划算，而且还一模一样的吃喝生活用品哟，小宝贝们快来选购吧！既省钱，又节省时间，永远支持信誉商家《京东》。
732836,690000,z***i,【京东超市】完美芦荟胶40g 2支装,3支装,2016-12-19 13:54:00,速度 速度 没什么可说的 看图吧
732836,690000,t***8,【京东超市】完美芦荟胶40g 2支装,3支装,2016-12-25 18:59:05,感觉送货的速度还是很快的，用了感觉还可以，过段时间再看看长期效果
732836,690000,j***t,【京东超市】完美芦荟胶40g 2支装,3支装,2017-07-29 06:42:35,收货之前心里还很忐忑，怕会是假的，结果收到货之后完全放心了，打开试了一下，还是那个感觉，还是那个淡淡的香味，真的非常不错，相信前几天长得痘痘很快就会消失的，么么哒，京东自营真的特别让我放心，百分百真品，快递也特别特别给力，不仅速度快，快递员也特别负责，态度很好，这次购物非常满意！
732836,690000,c***y,【京东超市】完美芦荟胶40g 2支装,3支装,2017-01-20 13:57:18,查了下，是正货。套装三个按查询是两家店。可以理解为跟ZHI消员（看店名可能两家店本来老板就一个人）拿货，然后卖出来。由于量多，ZHI消员可能级别高优惠也高，薄利走量&hellip;&hellip;
732836,690000,村***9,【京东超市】完美芦荟胶40g 2支装,3支装,2017-05-02 08:43:02,国货精品，我一直用，保湿效果好，吸收快。
732836,690000,j***j,【京东超市】完美芦荟胶40g 2支装,2支装,2017-07-25 13:12:22,产品很好，快递送到我就用了，真的效果还不错，价格合理，用完还会买的。
732836,690000,一***伤,【京东超市】完美芦荟胶40g 2支装,2支装,2017-02-06 13:44:45,是正品，还没有用但用官网的验证是正品。物流很快。有的人可能对芦荟过敏才会起红点点。
732836,690000,小***9,【京东超市】完美芦荟胶40g 2支装,3支装,2016-12-10 21:57:37,已经买了好几次了，老婆用了十瓶了，一直是他们家的，老婆的手是油烫的，可怜我的老婆了，说起来都是泪啊
真想把老婆的手恢复到以前的样子，不知道芦荟胶能不能达到这个效果了&hellip;&hellip;
732836,690000,j***u,【京东超市】完美芦荟胶40g 2支装,3支装,2017-07-23 19:05:54,我就搞不懂了，为嘛有那么多人说假的，真的，那么想买真的，你就去专卖店买嘛！多省事！我个人觉得，用着还不错！挺湿润的，味道也清凉。不刺激！冬天用他加大宝，效果杠杠的！保湿，抗冻，都不错！一直在用，没停过！
732836,690000,村***9,【京东超市】完美芦荟胶40g 2支装,3支装,2017-04-02 09:54:41,京东自营，质量好，价格低，保温功能不错。套装更实惠。
4525043,3700,曾***哥,雅丽洁 YALGET 芦荟保湿舒缓面膜30ml*1片 （舒缓补水保湿修护控油平衡）,芦荟胶45g,2017-07-28 20:33:32,精进第十七天:今天早会上听了子谦哥的产品介绍，大家都对他的问题不流情面的指了出来，我可以看出他是比较淡定的，试问一下自己是否能有这份淡定呢？大家在指出他的问题时反复都提了激情，在销售这个
4525043,3700,文***年,雅丽洁 YALGET 芦荟保湿舒缓面膜30ml*1片 （舒缓补水保湿修护控油平衡）,舒缓面膜,2017-08-23 12:09:36,包装很好，一直都用的这个面膜，保湿效果很好，每次都买好多回来囤货，推荐大家购买，价格也实惠。面膜保湿效果真的不错，用过之后皮肤没有以前那么干了，也很舒服。超薄，服帖，超水润，很清爽，纯天然不过敏，补水效果不错，本人混合型皮肤，敷完没洗也不腻，第二天早上皮肤也很水润，很满意！感觉很棒棒哦！而且我查了一下，全是正品很不错的宝贝，没想到这么便宜的质量还超好，京东物流也很快，面膜很有弹力，可以拉扯，精华很多，多余的可以擦脖子，身上，腿上。产品收到啦，质量非常好，满意，物超所值，物美价廉，客服的态度也很好，赞一个，发货速度非常快，包装非常仔细、严实，快递员服务态度很好，总之，很满意的一次购物！！
4525043,3700,z***j,雅丽洁 YALGET 芦荟保湿舒缓面膜30ml*1片 （舒缓补水保湿修护控油平衡）,舒缓面膜,2017-08-12 08:13:45,物流很快，包装很好，活动很给力，满意的一次购物！
4525043,3700,谱***笑,雅丽洁 YALGET 芦荟保湿舒缓面膜30ml*1片 （舒缓补水保湿修护控油平衡）,舒缓面膜,2017-08-09 10:08:23,还不错，晚上贴了试一试效果怎么样吧。
价钱很优惠
4525043,3700,M***R,雅丽洁 YALGET 芦荟保湿舒缓面膜30ml*1片 （舒缓补水保湿修护控油平衡）,舒缓面膜,2017-08-20 14:29:07,其实一开始发评论我是拒绝的，因为，你不能让我发评论，我就马上去发评论，第一，我要试一下，因为我不愿意发完之后，别人以后再加一些特技上去，如果我的评论一下火了，很炫、很牛，这样其他发评论的人出来一定会骂我，根本没有这样评论，就证明这评论根本就是*的，我是在pian人。后来我也揣摩着发评论确实是好玩，我发了大概一个月左右，感觉还不错，后来我在发评论时候也要求他们不要加特技，因为我要让准备发评论的人看到，我发评论之后是这个样子，你们发评论之后也会是这个样子
4525043,3700,7***娣,雅丽洁 YALGET 芦荟保湿舒缓面膜30ml*1片 （舒缓补水保湿修护控油平衡）,舒缓面膜,2017-08-09 20:39:40,每次买完东西最发愁的就是评价晒单，然后我就选择性遗忘，此时此刻正准备再下单呢，看了下评价没有过期的还有这么多，那就评吧！反正只要是京东自营的，我百分百相信！也绝对物超所值！开?不方便，打?更不方便，提着东西倒来倒去更麻烦！还不说比京东贵上许多，所以大到家具电器，小到牙签，家里的生活用品全部来自京东！东西大多不一一评价，总之五个字！[非常好，值得信赖！]
4525043,3700,月***大,雅丽洁 YALGET 芦荟保湿舒缓面膜30ml*1片 （舒缓补水保湿修护控油平衡）,舒缓面膜,2017-08-14 18:21:38,我为什么喜欢在京东买东西，因为今天买明天就可以送到。我为什么每个商品的评价都一样，因为在京东买的东西太多太多了，导致积累了很多未评价的订单，所以我统一用段话作为评价内容，省时省力，还能得京东豆。总而言之、言而总之，在京东买东西又好又快！我为什么喜欢在京东买东西，因为今天买明天就可以送到。我为什么每个商品的评价都一样，因为在京东买的东西太多太多了，导致积累了很多未评价的订单，所以我统一用段话作为评价内容，省时省力，还能得京东豆。总而言之、言而总之，在京东买东西又好又快！
4525043,3700,纸***轩,雅丽洁 YALGET 芦荟保湿舒缓面膜30ml*1片 （舒缓补水保湿修护控油平衡）,舒缓面膜,2017-08-12 01:34:33,用领的50-49神券买了5张面膜才1块，虽然是赠品，但可以先用来体验下，还是值得的。
4525043,3700,l***o,雅丽洁 YALGET 芦荟保湿舒缓面膜30ml*1片 （舒缓补水保湿修护控油平衡）,舒缓面膜,2017-08-18 14:11:45,领取优惠券买的，5片很便宜，谢谢东哥经常搞优惠活动，祝京东生意兴隆，财源广进
4525043,3700,j***d,雅丽洁 YALGET 芦荟保湿舒缓面膜30ml*1片 （舒缓补水保湿修护控油平衡）,舒缓面膜,2017-08-22 17:23:49,汉语：我是来打酱油的。 
英语： I'm going to buy some soy sauce. 
韩语： 汪 汪 汪 
德语： ich gehe Sojasosse kaufen. 
法语： je me suis prend que sauce de soja. 
俄语： Я пришла за соевым соусом. 
荷兰语：kwam ik tot een sojasaus 
西班牙语：me vino a un salsa de soja
1495968800,8300,j***v,男士专用肤稚美祛痘霜祛痘膏30g 去痘印痘坑痘疤祛痘印膏痘痕青春痘芦荟胶祛痘套装男士面霜 男士专用祛痘霜,男士专用祛痘霜,2017-07-18 17:55:47,味道淡淡的，不刺激皮肤，效果也挺不错的。每天早晚都用，连着用了几天，痘痘也下去了不少。以前的痘印也渐渐地淡了，效果确实不错。用完了还要再回购。
1495968800,8300,j***6,男士专用肤稚美祛痘霜祛痘膏30g 去痘印痘坑痘疤祛痘印膏痘痕青春痘芦荟胶祛痘套装男士面霜 男士专用祛痘霜,男士专用祛痘霜,2017-03-18 12:37:17,第一天晚上用了第二天早上起来大痘痘就已经消肿了 第三天就瘪掉了 哈哈 小痘痘还没来得及长大就消失了 太开心了 就是痘印去得有点慢 不过没关系 刚开始用就能这样已经很开心了 痘印慢点没关系 一直用总有好的一天
1495968800,8300,j***y,男士专用肤稚美祛痘霜祛痘膏30g 去痘印痘坑痘疤祛痘印膏痘痕青春痘芦荟胶祛痘套装男士面霜 男士专用祛痘霜,男士专用祛痘霜,2017-07-18 17:13:34,刚收到，还没有用，应该是正品，老板态度很好，物流也快，药膏拿到手上完好无损，包装很好！好评！如果用得好下次再来你家！
1495968800,8300,j***3,男士专用肤稚美祛痘霜祛痘膏30g 去痘印痘坑痘疤祛痘印膏痘痕青春痘芦荟胶祛痘套装男士面霜 男士专用祛痘霜,男女通用祛痘霜30G,2016-09-28 20:32:36,以前用过，效果挺好。最近又开始起痘痘，再买一盒用一下。发货速度很快，给个好评！
1495968800,8300,井***河,男士专用肤稚美祛痘霜祛痘膏30g 去痘印痘坑痘疤祛痘印膏痘痕青春痘芦荟胶祛痘套装男士面霜 男士专用祛痘霜,男士专用祛痘霜,2016-09-20 10:03:12,效果不错，很温和用了也不会刺激，很满意！
1495968800,8300,汪***6,男士专用肤稚美祛痘霜祛痘膏30g 去痘印痘坑痘疤祛痘印膏痘痕青春痘芦荟胶祛痘套装男士面霜 男士专用祛痘霜,男士专用祛痘霜,2017-06-08 10:42:57,很不错的祛痘产品，还送了氨基酸洗面奶，比皂基洗面奶好。植物配方，只需涂在痘痘上，用了一周，有不错的效果
1495968800,8300,j***x,男士专用肤稚美祛痘霜祛痘膏30g 去痘印痘坑痘疤祛痘印膏痘痕青春痘芦荟胶祛痘套装男士面霜 男士专用祛痘霜,男士专用祛痘霜,2017-04-01 14:16:36,买回来好几天了，用了一段时间，脸上的痘痘全部消掉了，很是管用。
1495968800,8300,泰***帅,男士专用肤稚美祛痘霜祛痘膏30g 去痘印痘坑痘疤祛痘印膏痘痕青春痘芦荟胶祛痘套装男士面霜 男士专用祛痘霜,男士专用祛痘霜,2017-06-21 20:35:01,商品收到了，用了一次，感觉还行，没有不良反应，坚持使用看看效果，中通的物流不咋地啊
1495968800,8300,j***8,男士专用肤稚美祛痘霜祛痘膏30g 去痘印痘坑痘疤祛痘印膏痘痕青春痘芦荟胶祛痘套装男士面霜 男士专用祛痘霜,男士专用祛痘霜,2017-04-09 20:08:11,宝贝收到好几天了，虽然有些忙，但每天都要坚持用，因为工作原因脸上痘痘总是存在着，不过这几天的坚持用下来发现效果蛮好的，慢慢的痘痘都消退了。很满意
1495968800,8300,姑***了,男士专用肤稚美祛痘霜祛痘膏30g 去痘印痘坑痘疤祛痘印膏痘痕青春痘芦荟胶祛痘套装男士面霜 男士专用祛痘霜,男士专用祛痘霜,2016-12-10 12:02:46,店家发货快 吸收快 感觉不错 用完脸上滑滑的 没有刺激 套装也划算 挺满意
1582909703,28000,5***你,【买2送2】阿琪思芦荟胶300g多效祛痘面膜套装去痘印痘坑保湿补水滋润膏霜产品男女士,,2017-08-12 09:36:29,特别好用的一款实惠的产品，特别佩服京东速度，昨天晚上订的，今天早上就到了，喜欢至极！！！
1582909703,28000,x***n,【买2送2】阿琪思芦荟胶300g多效祛痘面膜套装去痘印痘坑保湿补水滋润膏霜产品男女士,,2017-06-29 14:41:58,还不错，比超市便宜。
1582909703,28000,j***萌,【买2送2】阿琪思芦荟胶300g多效祛痘面膜套装去痘印痘坑保湿补水滋润膏霜产品男女士,,2017-06-26 22:26:06,打开后挺惊喜的，盒子很大，装的很多。但是里面没有什么小礼物，开始抹在脸上凉凉的，但是过一段时间后就变黏了。刚开始用，不知道效果怎么样，过一段时间再来反馈，感谢商家！
1582909703,28000,雨***花,【买2送2】阿琪思芦荟胶300g多效祛痘面膜套装去痘印痘坑保湿补水滋润膏霜产品男女士,,2017-03-05 22:09:39,喜欢芦荟胶，这个很划算，很好用，感谢卖家送的小礼品，用好了还会来买，京东快递速度一如既往的快速、准时。
1582909703,28000,f***9,【买2送2】阿琪思芦荟胶300g多效祛痘面膜套装去痘印痘坑保湿补水滋润膏霜产品男女士,,2017-03-08 17:28:12,京东真是神速，早上下单，下午四点就到了，而且给我惊喜，买二盒送一盒，虽然还没开始用但是还是特别满意。
1582909703,28000,小***7,【买2送2】阿琪思芦荟胶300g多效祛痘面膜套装去痘印痘坑保湿补水滋润膏霜产品男女士,,2016-12-16 08:45:46,已收到，这从第二次购买了，真的很好用，我换季容易长痘用完这一瓶好多了，感觉皮肤也比以前好了，而且量很大，以后就在这家了，送的手工皂也是棒棒哒，快递也给力
1582909703,28000,j***0,【买2送2】阿琪思芦荟胶300g多效祛痘面膜套装去痘印痘坑保湿补水滋润膏霜产品男女士,,2017-02-16 11:54:52,很好，谢谢卖家送的玫瑰味手工皂，非常喜欢，合作愉快，用完再来
1582909703,28000,上***淡,【买2送2】阿琪思芦荟胶300g多效祛痘面膜套装去痘印痘坑保湿补水滋润膏霜产品男女士,,2016-11-20 17:30:14,用了几天才来评价，五星好评，送的香皂很不错！大爱，下次还会买。
1582909703,28000,j***i,【买2送2】阿琪思芦荟胶300g多效祛痘面膜套装去痘印痘坑保湿补水滋润膏霜产品男女士,,2017-05-19 09:25:16,用了一段时间感觉皮肤好了很多。。。不错，不错不错
1582909703,28000,刘***0,【买2送2】阿琪思芦荟胶300g多效祛痘面膜套装去痘印痘坑保湿补水滋润膏霜产品男女士,,2016-11-08 10:44:51,东西收到了，和图上一模一样，本以为不会有芦荟的气味，打开一闻，全是芦荟胶的味道，用了一个星期脸上的斑点少了很多，非常喜欢，下次还来他家买
2441294,28000,j***5,【京东超市】悦诗风吟（innisfree）真萃鲜润面膜-芦荟 20ml*6(保湿补水滋润 睡眠 亮肤 护肤品）,真萃鲜润面膜-芦荟 6片,2017-07-23 11:11:00,京东配送的速度依旧很给力～
2441294,28000,j***9,【京东超市】悦诗风吟（innisfree）真萃鲜润面膜-芦荟 20ml*6(保湿补水滋润 睡眠 亮肤 护肤品）,真萃鲜润面膜-柠檬 6片,2017-08-21 16:49:17,快递神速啊 可是面膜盒看起来怎么像被打开过的？
2441294,28000,特***特,【京东超市】悦诗风吟（innisfree）真萃鲜润面膜-芦荟 20ml*6(保湿补水滋润 睡眠 亮肤 护肤品）,真萃鲜润面膜4盒装,2017-06-20 00:36:33,第一次用这个牌子，活动力度还是可以的，比专柜便宜不少。实用经验，洗脸后敷上无任何不适，面膜纸较服帖，精华水感觉挺多的，吸收也可以。一下子屯了风诗悦吟，美即，一叶子，屈臣氏，没有明显问题与突出表现，但就舒适度和精华水量、吸收来看，这款跟一叶子还不错。继续用试试看！不过京东一般品质信得过，主要快递也放心给力！
2441294,28000,j***d,【京东超市】悦诗风吟（innisfree）真萃鲜润面膜-芦荟 20ml*6(保湿补水滋润 睡眠 亮肤 护肤品）,真萃鲜润面膜-石榴 6片,2017-06-23 19:48:36,姐姐准备待产，作为弟弟不能陪她只能帮忙买好所有的东西，聊表心意！感谢618，2天内所有的东西都到了，宝贝毫无挑剔的好！albb真的比不了！
2441294,28000,j***f,【京东超市】悦诗风吟（innisfree）真萃鲜润面膜-芦荟 20ml*6(保湿补水滋润 睡眠 亮肤 护肤品）,真萃鲜润面膜-芦荟 6片,2017-08-08 21:58:32,京东这个送货速度真是得赞，7号晚上11点多下单，第二天就到了，快递哥也蛮负责的，愉快的一次购物
2441294,28000,萸***羲,【京东超市】悦诗风吟（innisfree）真萃鲜润面膜-芦荟 20ml*6(保湿补水滋润 睡眠 亮肤 护肤品）,真萃鲜润面膜-芦荟 6片,2017-08-05 16:02:11,京东快递真心快，我昨天下午拍的今天早上就送到了。但还不知道效果怎么样
2441294,28000,j***q,【京东超市】悦诗风吟（innisfree）真萃鲜润面膜-芦荟 20ml*6(保湿补水滋润 睡眠 亮肤 护肤品）,真萃鲜润面膜-芦荟 6片,2017-08-06 10:51:53,我的皮肤属于易过敏型的，敷了很多面膜都过敏。朋友推荐，买了悦诗风吟这款芦荟补水的面膜，敷上太舒服了，没有任何不良反应，补水效果也不错。终于找到适合自己的面膜啦！以后还会继续买的~
2441294,28000,l***n,【京东超市】悦诗风吟（innisfree）真萃鲜润面膜-芦荟 20ml*6(保湿补水滋润 睡眠 亮肤 护肤品）,真萃鲜润面膜-芦荟 6片,2017-06-03 09:53:51,用着很不错，不过忘了过几天618，应该等几天再买的
2441294,28000,马***6,【京东超市】悦诗风吟（innisfree）真萃鲜润面膜-芦荟 20ml*6(保湿补水滋润 睡眠 亮肤 护肤品）,真萃鲜润面膜-芦荟 6片,2017-07-21 15:23:54,买了好几个，都还没用应该还可以喜欢他们家的牌子哦。
2441294,28000,时***o,【京东超市】悦诗风吟（innisfree）真萃鲜润面膜-芦荟 20ml*6(保湿补水滋润 睡眠 亮肤 护肤品）,真萃鲜润面膜-芦荟 6片,2017-06-12 17:44:39,一次买了好多面膜，也送了一些小赠品，期待改善肌肤
1938489,84000,邱***7,韩国 自然乐园（Nature Republic）芦荟舒缓补水保湿凝胶 补水面膜 晒后修复 芦荟胶 300ml 韩国直采,【保湿芦荟胶】,2017-04-20 13:32:09,这两年一直都用这款，挺不错的，用着很舒服。
1938489,84000,心***贝,韩国 自然乐园（Nature Republic）芦荟舒缓补水保湿凝胶 补水面膜 晒后修复 芦荟胶 300ml 韩国直采,【保湿芦荟胶】,2017-07-03 11:56:47,挺好哒挺好哒挺好哒挺好哒挺好哒挺好哒挺好哒挺好哒挺好哒挺好哒挺好哒挺好哒挺好哒挺好哒挺好哒挺好哒挺好哒挺好哒挺好哒挺好哒挺好哒挺好哒挺好哒挺好哒挺好哒挺好哒挺好哒挺好哒挺好哒挺好哒挺好哒挺好哒挺好哒挺好哒挺好哒挺好哒挺好哒挺好哒挺好哒挺好哒挺好哒挺好哒挺好哒挺好哒挺好哒挺好哒挺好哒挺好哒挺好哒挺好哒挺好哒挺好哒挺好哒挺好哒挺好哒挺好哒挺好哒挺好哒挺好哒挺好哒挺好哒挺好哒挺好哒挺好哒挺好哒挺好哒挺好哒挺好哒挺好哒挺好哒挺好哒挺好哒挺好哒挺好哒挺好哒挺好哒挺好哒挺好哒挺好哒挺好哒挺好哒挺好哒挺好哒挺好哒挺好哒挺好哒挺好哒挺好哒挺好哒挺好哒挺好哒挺好哒挺好哒挺好哒挺好哒挺好哒挺好哒挺好哒挺好哒挺好哒挺好哒挺好哒挺好哒挺好哒挺好哒挺好哒挺好哒挺好哒挺好哒挺好哒挺好哒挺好哒挺好哒挺好哒挺好哒挺好哒挺好哒挺好哒挺好哒挺好哒挺好哒挺好哒挺好哒挺好哒挺好哒挺好哒挺好哒挺好哒挺好哒挺好哒挺好哒挺好哒挺好哒挺好哒挺好哒挺好哒挺好哒挺好哒挺好哒挺好哒挺好哒挺好哒挺好哒挺好哒挺好哒挺好哒挺好哒挺好哒挺好哒挺好哒
1938489,84000,j***j,韩国 自然乐园（Nature Republic）芦荟舒缓补水保湿凝胶 补水面膜 晒后修复 芦荟胶 300ml 韩国直采,【保湿芦荟胶】,2017-08-23 12:26:12,很好用哦，补水效果不错不错哩
1938489,84000,邮***生,韩国 自然乐园（Nature Republic）芦荟舒缓补水保湿凝胶 补水面膜 晒后修复 芦荟胶 300ml 韩国直采,【保湿芦荟胶】,2017-05-07 17:47:45,很好的东东，便宜又实用效果好，海外购速度也很快啊，以前买过，回头客，用完脸上滑滑的，有点效果，保质期到2019年，够用了。秒杀价合算，下次再来！
1938489,84000,w***i,韩国 自然乐园（Nature Republic）芦荟舒缓补水保湿凝胶 补水面膜 晒后修复 芦荟胶 300ml 韩国直采,【保湿芦荟胶】,2017-05-06 13:56:41,第一次购买芦荟胶，没有中文也没有说明书，一个字都看不懂，不知道有没有效果，先用着，用的好再来追评。
1938489,84000,名前友情,韩国 自然乐园（Nature Republic）芦荟舒缓补水保湿凝胶 补水面膜 晒后修复 芦荟胶 300ml 韩国直采,【保湿芦荟胶】,2017-07-20 22:27:29,超级好用，就喜欢，老有**活动，活动力度很大，每次活动几乎都参加，商品日期都很新，保质期好几年，果断存货
1938489,84000,蔡***轰,韩国 自然乐园（Nature Republic）芦荟舒缓补水保湿凝胶 补水面膜 晒后修复 芦荟胶 300ml 韩国直采,【保湿芦荟胶】,2017-06-03 23:02:39,很好G！相当划算，用来补水相当方便！值得入手一件，睡前用用，镇定的效果，长期使用能有效果滴！便宜！关键是！
1938489,84000,淘***欢,韩国 自然乐园（Nature Republic）芦荟舒缓补水保湿凝胶 补水面膜 晒后修复 芦荟胶 300ml 韩国直采,【保湿芦荟胶】,2017-06-18 14:27:19,第6罐了 到护肤品用 晚上洗澡时侯敷敷。 没有完美好 但是 涂全身 实惠。好用
1938489,84000,w***n,韩国 自然乐园（Nature Republic）芦荟舒缓补水保湿凝胶 补水面膜 晒后修复 芦荟胶 300ml 韩国直采,【保湿芦荟胶】,2017-08-14 12:48:08,不错，以前在韩国买过。多用途，有效期到2019年8月。满减活动赞一个哦?
1938489,84000,向***刺,韩国 自然乐园（Nature Republic）芦荟舒缓补水保湿凝胶 补水面膜 晒后修复 芦荟胶 300ml 韩国直采,【保湿芦荟胶】,2017-06-28 22:23:04,全球购真是个坑,这个东西是全球购销量第一,还窝了一肚子火,其他的商品购物体验之差可想而知.下单时候指定最近的一个自提点,还掏了不少运费,结果系统抽风,配送到差不多另一个城市,订单还不能取消,退货还要扣京豆,投诉找了所谓高级专员,被告知全球购不能取消订单,那我说你给我送到钓渔岛,我是不是还要坐船去冒着日本鬼子的抢林弹雨去去取呀.总之大家记住:珍爱生命! 远离 全球购!
10438249365,3000,T***1,PERFECT  完美芦荟胶礼盒 2支装 ,,2016-07-13 09:35:32,一直最爱这个护肤，一下买了4瓶，跟专卖店的一样，相信是正品！客服也很好，好评！
10438249365,3000,陈***1,PERFECT  完美芦荟胶礼盒 2支装 ,,2016-09-27 13:33:06,送快递哥很快3天到货，帮我送到门卫很好，过了好几天不好意思忘记了确认，正宗品牌完美芦荟胶有效果很好，用完了、下次再来买吧！前二三十年到现在老板头发白了皮肤很好，我相信你们广东省中山市完美中国有限公司谢谢老板生意兴隆?
10438249365,3000,j***-,PERFECT  完美芦荟胶礼盒 2支装 ,,2017-05-30 10:53:42,买了两盒，一盒用了一段时间，感觉还不错，痘痘少了不少
10438249365,3000,西***安,PERFECT  完美芦荟胶礼盒 2支装 ,,2017-08-19 15:34:47,东西挺好的，抹在脸上滑滑的，保湿效果也不错，很值得购买。
10438249365,3000,雪***6,PERFECT  完美芦荟胶礼盒 2支装 ,,2017-06-20 13:51:43,第二次购买东西还可以?就是物流太慢了4天才到
10438249365,3000,现***来,PERFECT  完美芦荟胶礼盒 2支装 ,,2017-08-03 21:13:02,应该是正品，挺好用滴，推开就化了。特别水润。气味也清新。一家人都在用，额，貌似4支不够用呀！试用还不错，好用会再回购滴。听说扬州产滴稍浓稠点，也不知是不是真滴
10438249365,3000,j***8,PERFECT  完美芦荟胶礼盒 2支装 ,,2017-02-14 21:28:10,正品，别的不说，先扫码，只是运费略贵了点，花点运费买个安心省心，也值啦
10438249365,3000,1***p,PERFECT  完美芦荟胶礼盒 2支装 ,,2017-05-06 17:29:01,一直都用这个牌子，好评
10438249365,3000,1***p,PERFECT  完美芦荟胶礼盒 2支装 ,,2017-08-11 18:20:46,一盒有两支，一支放家里用，一支放办公室用，是我以前在实体店买的完美芦荟胶，正品来的，还要再买两支坚持使用，真心蛮不错的，需要的赶快下手吧?
10438249365,3000,j***f,PERFECT  完美芦荟胶礼盒 2支装 ,,2017-05-17 00:17:49,物流快速，包装完好，满意！
1773513,340000,j***5,【京东超市】自然共和国 Nature Republic芦荟舒缓保湿凝胶300ml*3（约900g）进口补水保湿舒缓晒后修复面膜,芦荟胶3支装,2017-05-28 07:32:02,给我发的生产日期是今年的
现在用了一段时间差不多用了半盒
感觉还挺不错的 每天白天用晚上用的
弄得我现在保湿霜都不怎么用了
还有这款产品祛痘效果怎么样就不知道了
1773513,340000,天***淡,【京东超市】自然共和国 Nature Republic芦荟舒缓保湿凝胶300ml*3（约900g）进口补水保湿舒缓晒后修复面膜,芦荟胶3支装,2017-06-02 20:16:25,清新好用的天然芦荟护肤品,老婆非常喜欢,赶上199减100活动超值,买了一大堆,生产日期也很新,够用很长时间了
1773513,340000,j***s,【京东超市】自然共和国 Nature Republic芦荟舒缓保湿凝胶300ml*3（约900g）进口补水保湿舒缓晒后修复面膜,芦荟胶2支装,2017-06-06 14:58:00,很好用，皮肤老出油，还不想用面膜，这个大大的一碗，用起来也不心疼，非常实在，个人感觉吸收的也不错，用了后不太出油了，皮肤也感觉细腻了许多，持续使用可能效果更佳！
1773513,340000,方***9,【京东超市】自然共和国 Nature Republic芦荟舒缓保湿凝胶300ml*3（约900g）进口补水保湿舒缓晒后修复面膜,芦荟胶2支装,2017-06-29 09:07:04,我在京东买了这么多年，所谓阅商无数，但与卖家您交流，我只想说，老板你实在是太好了，你的高尚情操太让人感动了，本人对此卖家之仰慕如滔滔江水连绵不绝，海枯石烂，天崩地裂，永不变心。交易成功后，我的心情是久久不能平静，自古英雄出少年，卖家年纪轻轻，就有经天纬地之才，定国安邦之智，而今，天佑我大中华，沧海桑田5000年，神州平地一声雷，飞沙走石，大雾迷天，朦胧中，只见顶天立地一金甲天神立于天地间，花见花开，人见人爱，这位英雄手持双斧，二目如电，一斧下去，混沌初开，二斧下去，女娲造人，三斧下去，小生倾倒。得此大英雄，实乃国之幸也，民之福，人之初也，怎不叫人喜极而泣&hellip;&hellip;看着交易成功，我竟产生出一种无以名之的悲痛感&mdash;&mdash;啊，这么好的卖家，如果将来我再也遇不到了，那我该怎么办？直到我毫不犹豫地把卖家的店收藏了，我内心的那种激动才逐渐平静下来，可是我立刻想到，这么好的卖家，倘若别人看不到，那么不是浪费心血吗？经过痛苦的思想斗争，我终于下定决心，牺牲小我，奉献大我。我要以此评价奉献给世人赏阅，我要给好评&hellip;&hellip;评到所有人都看到为止！
1773513,340000,f***u,【京东超市】自然共和国 Nature Republic芦荟舒缓保湿凝胶300ml*3（约900g）进口补水保湿舒缓晒后修复面膜,芦荟胶3支装,2017-07-23 11:04:48,很好用，清清爽爽的，还可以用于晒后修复用！
1773513,340000,酸***梅,【京东超市】自然共和国 Nature Republic芦荟舒缓保湿凝胶300ml*3（约900g）进口补水保湿舒缓晒后修复面膜,芦荟胶2支装,2017-06-02 20:42:00,好不好用了才知道，我是用过后又买了俩盒，不仅脸上用，洗过澡胳膊和腿上都有用的，别人不知道，我自己用的效果比较明显，痘印淡了，保湿效果也好。
1773513,340000,智***美,【京东超市】自然共和国 Nature Republic芦荟舒缓保湿凝胶300ml*3（约900g）进口补水保湿舒缓晒后修复面膜,芦荟胶3支装,2017-06-20 10:32:50,还可以啊，价格实惠，品质放心
1773513,340000,菜***林,【京东超市】自然共和国 Nature Republic芦荟舒缓保湿凝胶300ml*3（约900g）进口补水保湿舒缓晒后修复面膜,芦荟胶3支装,2017-06-02 13:04:26,很棒。。。用优惠券买的。。。超级划算。。。味道很香。香精略重。。。很清爽。。。效果嘛不清楚。。。反正挺舒服的吧。。。快递小哥很给力。。。
1773513,340000,y***o,【京东超市】自然共和国 Nature Republic芦荟舒缓保湿凝胶300ml*3（约900g）进口补水保湿舒缓晒后修复面膜,芦荟胶4支装,2017-08-09 23:44:17,一次买了两组。真不错。用了一下。挺好的。过几天在评论。
1773513,340000,不***手,【京东超市】自然共和国 Nature Republic芦荟舒缓保湿凝胶300ml*3（约900g）进口补水保湿舒缓晒后修复面膜,芦荟胶2支装,2017-06-12 16:05:49,帮朋友买的，用的很快，京东搞活动就是便宜啊，很好用东西很好，一年买好几次
1642114290,5000,j***d,【包邮】完美芦荟胶40g 3支,3支,2016-08-12 14:38:36,商家服务态度很好，收货快，更惊喜的是还有礼物相送哟！别犹豫了亲，直接下单吧！
1642114290,5000,李***o,【包邮】完美芦荟胶40g 3支,3支,2017-07-31 18:49:25,东西收到以后，和大家所说的一样，二维码刮掉了，但是我想说的是绝对是真品，我不是什么拖，我也不是为了这几块钱，我就是想让大家别误会，因为我收到的是没完全刮掉，我就顺着查询了一下，绝对正品，请大家不要担心和疑虑！尽管放心使用和购买！
1642114290,5000,j***x,【包邮】完美芦荟胶40g 3支,3支,2017-02-06 14:54:54,可以可以可以可以可以可以   还没用  不知道真假
1642114290,5000,钢***2,【包邮】完美芦荟胶40g 3支,3支,2016-12-27 12:30:16,速度很快，第二天就到了，女朋友说是正品，跟以前买的一样，脸上有痘痘也不怕了～以后还回来的，还有眼膜，没用过，看着挺好的，京东品质就是有保证
1642114290,5000,I***K,【包邮】完美芦荟胶40g 3支,3支,2017-07-27 16:34:19,一直都很喜欢这款芦荟胶，很好用，宝贝一到就忍不住试了一下非常不错，还有送的小礼物
1642114290,5000,j***4,【包邮】完美芦荟胶40g 3支,3支,2017-06-23 12:30:20,这次买的东西不是很理想，东西有损坏的。送的东西还是开封的，感觉不出来&hellip;
1642114290,5000,1***p,【包邮】完美芦荟胶40g 3支,3支,2017-08-16 11:33:29,还没用  用后再追评  以前用过  感觉还不错  期待这次
1642114290,5000,j***3,【包邮】完美芦荟胶40g 3支,3支,2017-01-14 13:58:42,我一直都在用完美芦荟胶，感觉还不错，价格也不贵，是一老少皆宜的护肤品，好评。
1642114290,5000,沁源泉涌,【包邮】完美芦荟胶40g 3支,3支,2017-08-12 16:39:44,好用，正品，买一送三！
1642114290,5000,y***皮,【包邮】完美芦荟胶40g 3支,3支,2017-07-31 20:04:13,不错，只要是真的就很好
1569158,340000,酸***梅,【京东超市】自然共和国 Nature Republic 芦荟保湿清洁套组（芦荟胶300ml+芦荟洁面乳150ml）,芦荟胶2支装,2017-06-02 20:42:00,好不好用了才知道，我是用过后又买了俩盒，不仅脸上用，洗过澡胳膊和腿上都有用的，别人不知道，我自己用的效果比较明显，痘印淡了，保湿效果也好。
1569158,340000,j***m,【京东超市】自然共和国 Nature Republic 芦荟保湿清洁套组（芦荟胶300ml+芦荟洁面乳150ml）,芦荟胶+芦荟洁面,2017-07-18 00:27:50,很好用，自然清新，值得一用
1569158,340000,j***m,【京东超市】自然共和国 Nature Republic 芦荟保湿清洁套组（芦荟胶300ml+芦荟洁面乳150ml）,芦荟胶3支装,2017-07-23 19:43:02,一直在用这个品牌的芦荟胶，保湿效果特别理想，去油防痘，也可涂抹身上，清爽刺激。
1569158,340000,y***o,【京东超市】自然共和国 Nature Republic 芦荟保湿清洁套组（芦荟胶300ml+芦荟洁面乳150ml）,芦荟胶4支装,2017-08-09 23:44:17,一次买了两组。真不错。用了一下。挺好的。过几天在评论。
1569158,340000,j***x,【京东超市】自然共和国 Nature Republic 芦荟保湿清洁套组（芦荟胶300ml+芦荟洁面乳150ml）,芦荟胶+芦荟洁面,2017-06-12 14:19:16,618活动买价格很合适 满减能减一百 好大一罐 能用很久 打算当面膜了 还可以晒后修复 洗面奶为凑单买的 但愿好用 用后再一起追评吧
1569158,340000,不***手,【京东超市】自然共和国 Nature Republic 芦荟保湿清洁套组（芦荟胶300ml+芦荟洁面乳150ml）,芦荟胶2支装,2017-06-12 16:05:49,帮朋友买的，用的很快，京东搞活动就是便宜啊，很好用东西很好，一年买好几次
1569158,340000,j***4,【京东超市】自然共和国 Nature Republic 芦荟保湿清洁套组（芦荟胶300ml+芦荟洁面乳150ml）,芦荟胶+芦荟洁面,2017-07-20 06:53:22,第一次用这个牌子洗面奶，够温和，敏感肌都能用，至于芦荟胶，我拿来敷手敷腿。够大碗，不心疼，夏天最好的选择
1569158,340000,M***n,【京东超市】自然共和国 Nature Republic 芦荟保湿清洁套组（芦荟胶300ml+芦荟洁面乳150ml）,芦荟胶2支装,2017-06-12 23:08:33,还没开始用，这也是第一次买这种产品，以前都没有用过妮维雅的护肤品系列，也不知道怎么样，但是有朋友推荐这个品牌，所以每样都买了点试下效果。量非常多
1569158,340000,蔡***敏,【京东超市】自然共和国 Nature Republic 芦荟保湿清洁套组（芦荟胶300ml+芦荟洁面乳150ml）,芦荟胶4支装,2017-05-27 23:11:40,喜欢芦荟胶，喜欢京东的快递，就是不懂辨真假啦啦啦啦啦啦啦啦啦啦啦啦啦啦啦啦啦啦啦啦啦啦啦啦啦啦啦啦啦啦啦啦啦啦啦啦啦啦啦啦啦啦啦
1569158,340000,c***3,【京东超市】自然共和国 Nature Republic 芦荟保湿清洁套组（芦荟胶300ml+芦荟洁面乳150ml）,芦荟胶2支装,2017-07-13 14:34:50,以前买过的，挺方便实用的，打开之后有一股淡淡的清香呢。个人感觉夏天用还是蛮合算的噢，补水效果没有普通面膜好。价格美丽，就是物流慢。
10168584354,25000,j***1,澳雅婷芦荟面膜25片夏季补水保湿晒后修护洁面蚕丝面膜贴护肤品女男,,2017-07-15 16:57:20,发货及送货速度还可以，价格便宜，使用后感觉还不错。
10168584354,25000,宇***7,澳雅婷芦荟面膜25片夏季补水保湿晒后修护洁面蚕丝面膜贴护肤品女男,,2017-03-15 17:07:03,量很足，很大一盒，看着挺不错的，不知道会不会过敏，试用了再说！
10168584354,25000,童***佟,澳雅婷芦荟面膜25片夏季补水保湿晒后修护洁面蚕丝面膜贴护肤品女男,,2017-02-17 11:51:56,第一次买这个牌子，不知道效果怎么样，搞活动买了一堆，囤货中...用后追评！
10168584354,25000,w***8,澳雅婷芦荟面膜25片夏季补水保湿晒后修护洁面蚕丝面膜贴护肤品女男,,2017-03-17 18:25:46,大包装的面膜，日用品少不了的东西。
10168584354,25000,j***m,澳雅婷芦荟面膜25片夏季补水保湿晒后修护洁面蚕丝面膜贴护肤品女男,,2016-12-05 11:28:47,忘记第几次来买了，这次趁活动给自己又买了六盒，很划算,留着慢慢用，反正自我感觉用着很不错，用完脸特别柔嫩，而且卖家还送了礼品,另外客服椰籽服务态度很好，好评走起
10168584354,25000,y***u,澳雅婷芦荟面膜25片夏季补水保湿晒后修护洁面蚕丝面膜贴护肤品女男,,2017-05-07 20:54:07,东西挺好赞赞赞赞赞赞赞赞赞赞赞赞赞赞赞赞赞赞赞
10168584354,25000,停***驿,澳雅婷芦荟面膜25片夏季补水保湿晒后修护洁面蚕丝面膜贴护肤品女男,,2017-05-04 00:19:09,今天第一次用觉得还挺好的，稍微有点大但比较贴合，用完脸也挺润的，过了一会有点黏黏的感觉可能是营养液太多了，去洗了一下脸就好了，暂时没出现什么不好的地方，用完追评
10168584354,25000,L***6,澳雅婷芦荟面膜25片夏季补水保湿晒后修护洁面蚕丝面膜贴护肤品女男,,2017-03-19 14:52:49,还比较满意，跟网上看到的差不多，还没用，不知道怎么样，效果
10168584354,25000,j***s,澳雅婷芦荟面膜25片夏季补水保湿晒后修护洁面蚕丝面膜贴护肤品女男,,2017-04-16 12:29:15,货早到了也用过了效果很好，味也很不错用过感觉很舒服，会坚持使用&hellip;&hellip;！
10168584354,25000,夏***生,澳雅婷芦荟面膜25片夏季补水保湿晒后修护洁面蚕丝面膜贴护肤品女男,,2017-04-28 14:03:22,面膜还可以，用了以后再评价
1192096,90000,h***0,【京东超市】韩束 芦荟修护凝胶180g 芦荟胶 补水保湿 细致肌肤 护肤化妆品,【补水修复】芦荟修护凝胶180g,2017-07-29 17:19:08,一、赞快递速度(上午11:00下单，下午4:00到)!
二、扫二维码显示为正品。
至于效果，用后再追评。
1192096,90000,李***航,【京东超市】韩束 芦荟修护凝胶180g 芦荟胶 补水保湿 细致肌肤 护肤化妆品,【补水修复】芦荟修护凝胶180g,2017-06-28 21:40:24,一直在用这款芦荟胶，不像有的品牌那样有点腻，这个品牌不腻，效果很好。
1192096,90000,j***1,【京东超市】韩束 芦荟修护凝胶180g 芦荟胶 补水保湿 细致肌肤 护肤化妆品,【补水修复】芦荟修护凝胶180g,2017-08-15 17:27:10,还没用呢，以前用过这个，补水效果不错，有效期到2022年
1192096,90000,远***薇,【京东超市】韩束 芦荟修护凝胶180g 芦荟胶 补水保湿 细致肌肤 护肤化妆品,【补水修复】芦荟修护凝胶180g,2017-07-25 09:13:40,挺不错的一款商品，适合男士使用，物流也特别快，挺喜欢的，一直很信赖京东，赞赞赞
1192096,90000,二***戒,【京东超市】韩束 芦荟修护凝胶180g 芦荟胶 补水保湿 细致肌肤 护肤化妆品,【补水修复】芦荟修护凝胶180g,2017-07-22 15:12:06,用是很不错的，验真伪了，是正品，上海产的。就是有点小，和肥皂盒差不多大。支持！
1192096,90000,j***6,【京东超市】韩束 芦荟修护凝胶180g 芦荟胶 补水保湿 细致肌肤 护肤化妆品,【轻盈水润】 晶透水珠补水霜50g,2017-08-04 14:25:48,一次买了挺多的这个用一段时间后才来评价的涂上水水的润润的一点也不油腻保湿效果特别好， 推荐给大家使用，快递也是超给力的第2天就送到了
1192096,90000,长***岁,【京东超市】韩束 芦荟修护凝胶180g 芦荟胶 补水保湿 细致肌肤 护肤化妆品,【补水修复】芦荟修护凝胶180g,2017-08-01 23:34:31,买来送给闺蜜的。还没用。相信京东正品。物流很给力哦。快递小哥态度很好
1192096,90000,j***6,【京东超市】韩束 芦荟修护凝胶180g 芦荟胶 补水保湿 细致肌肤 护肤化妆品,【补水修复】芦荟修护凝胶180g,2017-07-21 20:47:40,补水不知道，我是用来修复晒伤的，感觉还行！！！！！！！！！
1192096,90000,紫***B,【京东超市】韩束 芦荟修护凝胶180g 芦荟胶 补水保湿 细致肌肤 护肤化妆品,【补水修复】芦荟修护凝胶180g,2017-08-20 19:52:21,很好很好很好，和实体店里的一样好，很好很好很好，棒棒哒
1192096,90000,j***5,【京东超市】韩束 芦荟修护凝胶180g 芦荟胶 补水保湿 细致肌肤 护肤化妆品,【补水修复】芦荟修护凝胶180g,2017-08-11 21:24:57,还没开始用，估计也就用来做做面膜吧
10993441496,3300,j***r,完美芦荟胶40g祛痘印去痘疤祛痘膏素颜霜产品补水保湿晒后修复护肤品包邮 1支完美芦荟胶,1支完美芦荟胶,2017-07-14 09:26:41,很好用  是正品  相信京东
10993441496,3300,j***h,完美芦荟胶40g祛痘印去痘疤祛痘膏素颜霜产品补水保湿晒后修复护肤品包邮 1支完美芦荟胶,1支完美芦荟胶,2017-08-23 15:58:12,是正品，没错，感觉棒棒哒，么么么
10993441496,3300,j***9,完美芦荟胶40g祛痘印去痘疤祛痘膏素颜霜产品补水保湿晒后修复护肤品包邮 1支完美芦荟胶,1支完美芦荟胶,2017-07-03 19:28:08,物流很快，很满意，还送了礼物
10993441496,3300,j***b,完美芦荟胶40g祛痘印去痘疤祛痘膏素颜霜产品补水保湿晒后修复护肤品包邮 1支完美芦荟胶,1支完美芦荟胶,2017-04-19 22:07:18,这个不知道是不是正品，给我女儿用的，只有用了才知道
10993441496,3300,j***1,完美芦荟胶40g祛痘印去痘疤祛痘膏素颜霜产品补水保湿晒后修复护肤品包邮 1支完美芦荟胶,1支完美芦荟胶,2017-05-25 22:59:41,樱花落下的速度是每秒五厘米， 我该用怎么样的速度，才能与你相遇。&mdash;&mdash;秒速五厘米
雨滴降落的速度是每秒十米，我该用怎么样的速度，才能将你挽留。&mdash;&mdash;言叶之庭
陨石坠落的速度是每秒十千米，我该用怎么样的速度，才能将你拯救。&mdash;&mdash;你的名字
10993441496,3300,j***9,完美芦荟胶40g祛痘印去痘疤祛痘膏素颜霜产品补水保湿晒后修复护肤品包邮 1支完美芦荟胶,1支完美芦荟胶,2017-07-08 11:54:08,收到货还没来得及使用，但比实体专卖店便宜了许多，还有一大堆赠品，好评好评
10993441496,3300,1***p,完美芦荟胶40g祛痘印去痘疤祛痘膏素颜霜产品补水保湿晒后修复护肤品包邮 1支完美芦荟胶,1支完美芦荟胶,2017-06-21 18:29:16,香味、瓶子，都跟实体店的不同！
10993441496,3300,j***e,完美芦荟胶40g祛痘印去痘疤祛痘膏素颜霜产品补水保湿晒后修复护肤品包邮 1支完美芦荟胶,1支完美芦荟胶,2017-06-21 22:07:26,收到的看着还是不错的，和之前店里买的一样，效果用后再来评价！
10993441496,3300,一***鱼,完美芦荟胶40g祛痘印去痘疤祛痘膏素颜霜产品补水保湿晒后修复护肤品包邮 1支完美芦荟胶,2支完美芦荟胶,2017-04-29 15:46:24,东西收到了很好京东物流超级给力的赞一个支持京东赞一个?以后还会接着来的支持东东！！！！！！！！
10993441496,3300,j***2,完美芦荟胶40g祛痘印去痘疤祛痘膏素颜霜产品补水保湿晒后修复护肤品包邮 1支完美芦荟胶,1支完美芦荟胶,2017-04-29 21:25:27,收到了，扫了一下二维码是正品，还没用呢物流很快，满意???
1658458,260000,j***i,【京东超市】自然共和国 Nature Republic 精粹自然芦荟面膜 23ml*10片,芦荟胶1支装,2017-07-14 14:47:24,更多的时候是在晚上用的，每天晚上睡觉之前，洗完脸然后擦上它，也不用再洗了就可以睡了，感觉很不错，有淡淡的香味
1658458,260000,蒙***懒,【京东超市】自然共和国 Nature Republic 精粹自然芦荟面膜 23ml*10片,芦荟胶1支装,2017-06-20 16:35:18,这个是第二次在京东买了，是官方旗舰店促销买的，很实用，拿来做面膜，当晚间修复都很好用，最重要的是特别实惠，而且也不用担心是不是正品，反正是有京东的品质保障的，618这个节日太好了，能让我们买到实惠又好用的护肤品。
1658458,260000,覃***承,【京东超市】自然共和国 Nature Republic 精粹自然芦荟面膜 23ml*10片,芦荟,2017-05-31 19:05:53,是挺香的就是感觉效果好像不明显感觉白买了浪费钱啊心累??????????????????
1658458,260000,l***8,【京东超市】自然共和国 Nature Republic 精粹自然芦荟面膜 23ml*10片,芦荟胶1支装,2017-08-07 19:56:12,这个芦荟胶一直在用，效果很好，很天然，适合过敏体质的人群，之前老婆因为过敏脸上长痘，用了这款产品之后就全消了，价钱相对较低，用过完美的产品，这款价钱和小支的完美芦荟胶差不多，总之很满意吧，下次还会买！
1658458,260000,0***0,【京东超市】自然共和国 Nature Republic 精粹自然芦荟面膜 23ml*10片,芦荟胶1支装,2017-06-22 18:19:20,包装完整，快递速度，味道清香，吸收快6.18买的便宜的多。包装完整，快递速度，味道清香，吸收快6.18买的便宜的多。包装完整，快递速度，味道清香，吸收快6.18买的便宜的多。包装完整，快递速度，味道清香，吸收快6.18买的便宜的多。
1658458,260000,哈***汁,【京东超市】自然共和国 Nature Republic 精粹自然芦荟面膜 23ml*10片,芦荟胶1支装,2017-08-03 00:53:57,涂身体涂脸都很舒服，很滋润，下次再买！补水效果特别好，还有一股淡淡的香味。好评！
1658458,260000,a***0,【京东超市】自然共和国 Nature Republic 精粹自然芦荟面膜 23ml*10片,蜂王浆,2017-04-17 10:50:54,以前用过很多韩国别的牌子的面膜，这次试到了这家的。对比区别第一点是这个面膜是纸做的，敷面膜的时候动作大了就容易撕坏。第二点是面膜虽然大张但是鼻子旁边的缝隙留的太大，眼睛留的缝隙也很大，之后还要用一张眼膜才能滋润眼睛周围。 精华太少用到一半干了 最好的是味道很好闻一股蜂蜜味使用感可以 在同价面膜中算得上佼佼者
1658458,260000,j***m,【京东超市】自然共和国 Nature Republic 精粹自然芦荟面膜 23ml*10片,芦荟胶1支装,2017-07-23 19:36:49,一直在用这个牌子的芦荟胶，保湿效果特别理想，去油防脱皮，清爽宜人。
1658458,260000,d***0,【京东超市】自然共和国 Nature Republic 精粹自然芦荟面膜 23ml*10片,芦荟胶1支装,2017-06-24 05:44:48,一直都听说芦荟胶好用，刚好活动凑单买了一瓶。很大一瓶，物流给力！
1658458,260000,j***q,【京东超市】自然共和国 Nature Republic 精粹自然芦荟面膜 23ml*10片,芦荟,2017-07-17 17:51:09,活动时和保湿套装一块买的，非常超值。已经不是第一次用这个牌子的面膜了，这次特意买的芦荟的，因为最近经常外出，外面日晒有很强烈，芦荟的可能补水，镇定皮肤的效果更好吧。用了一贴了，敷在脸上清清凉，一点都不刺激，用完皮肤没有不不适的感觉。适合晚上用，嗯。
1261089657,35000,j***r,（买1瓶送1瓶）兰絮 去痘芦荟胶祛痘淡化痘印去粉刺痘膏痘痕青春痘男女士补水保湿面霜晒后修护,,2017-04-24 16:01:28,我很喜欢用的芦荟胶，味道比较清香，用起来也是很清爽。用过之后皮肤比较光滑，不油腻，也不容易泛油。是正品
1261089657,35000,j***l,（买1瓶送1瓶）兰絮 去痘芦荟胶祛痘淡化痘印去粉刺痘膏痘痕青春痘男女士补水保湿面霜晒后修护,,2017-07-07 23:59:35,平时也懒，不怎么化妆，也很少用这个，前两天去朋友家，正好看到她在用这款宝贝，我就试了试，没想到一下就把我种草了！打开看了一下，晶莹剔透、润而不油腻，挤出来有点淡淡的香味。保湿补水效果好、涂完感觉很滋润，吸收很快，感觉超级棒，性价比很高。对皮肤没有一点刺激!用完清清凉凉的！这个价钱真是太划算，比在实体店真心值太多！而且实体店还得逛街去，真心麻烦，有什么问题也得到店里，网上就方便多了，直接联系客服就都解决了，而且快递也送到门口，真心棒！
1261089657,35000,j***m,（买1瓶送1瓶）兰絮 去痘芦荟胶祛痘淡化痘印去粉刺痘膏痘痕青春痘男女士补水保湿面霜晒后修护,,2017-04-27 11:22:33,这个芦荟胶，涂脸上吸收很快，跟滋润补水效果很好，特别好的款产品
1261089657,35000,白***p,（买1瓶送1瓶）兰絮 去痘芦荟胶祛痘淡化痘印去粉刺痘膏痘痕青春痘男女士补水保湿面霜晒后修护,,2016-11-15 19:32:51,还行吧。希望这东西对痘痘有效果。很期待
1261089657,35000,j***c,（买1瓶送1瓶）兰絮 去痘芦荟胶祛痘淡化痘印去粉刺痘膏痘痕青春痘男女士补水保湿面霜晒后修护,,2017-08-04 12:33:28,哈哈，第二次买了真的很好用，感谢快递哥哥
1261089657,35000,j***h,（买1瓶送1瓶）兰絮 去痘芦荟胶祛痘淡化痘印去粉刺痘膏痘痕青春痘男女士补水保湿面霜晒后修护,,2017-04-27 11:14:42,收到了，我很满意，用了以后补水效果又好，还有淡淡的清香味，真的很好用
1261089657,35000,梦***君,（买1瓶送1瓶）兰絮 去痘芦荟胶祛痘淡化痘印去粉刺痘膏痘痕青春痘男女士补水保湿面霜晒后修护,,2016-12-03 13:04:04,不错哦，包装很好，快递也很快，就是不知道使用效果怎么样，后期再评论吧
1261089657,35000,j***g,（买1瓶送1瓶）兰絮 去痘芦荟胶祛痘淡化痘印去粉刺痘膏痘痕青春痘男女士补水保湿面霜晒后修护,,2017-04-20 17:55:31,包装很漂亮，很喜欢，买一送一的，一下子买了两支，送了两支，全家人都够用了
1261089657,35000,2***0,（买1瓶送1瓶）兰絮 去痘芦荟胶祛痘淡化痘印去粉刺痘膏痘痕青春痘男女士补水保湿面霜晒后修护,,2017-07-07 10:04:49,味道很好闻，不油腻，包装很好，物流超给力！！
1261089657,35000,j***m,（买1瓶送1瓶）兰絮 去痘芦荟胶祛痘淡化痘印去粉刺痘膏痘痕青春痘男女士补水保湿面霜晒后修护,,2017-07-31 13:16:52,还可以，有特殊的香味，蛮喜欢的，待看效果
889740,16000,t***y,【京东超市】英国AA网 AA 绿茶芦荟面膜500ml（保湿补水 控油 肌肤清新 舒爽）,绿茶芦荟面胶500ml,2017-07-05 00:21:08,包装不够精细，箱子有变形，瓶子也没盖好，精油有漏出来了，产品还没用，不知道效果，也是第一次购买这款产品，期待好效果
889740,16000,j***m,【京东超市】英国AA网 AA 绿茶芦荟面膜500ml（保湿补水 控油 肌肤清新 舒爽）,绿茶芦荟面胶500ml,2017-08-08 12:43:46,外包装比较简单，有股浓浓的药味儿，还没有用，以前用的都是完美，但愿这个效果不会过敏，试用以后再，追评价
889740,16000,含***晓,【京东超市】英国AA网 AA 绿茶芦荟面膜500ml（保湿补水 控油 肌肤清新 舒爽）,绿茶芦荟面胶500ml,2017-05-11 15:22:29,好大的一瓶用着不心疼，整体胶状，对皮肤无什么刺激，活动价格也很好，到货很快。
889740,16000,j***u,【京东超市】英国AA网 AA 绿茶芦荟面膜500ml（保湿补水 控油 肌肤清新 舒爽）,薰衣草茶树面胶 100ml,2017-06-23 13:38:58,凑单买的，不知道好用不好用，反正便宜有很快，这个是面膜还是啥都没搞清楚，买的太多了，618剁手剁痛快呀啊，好多面膜，我要什么时候用完啊
889740,16000,蓝***星,【京东超市】英国AA网 AA 绿茶芦荟面膜500ml（保湿补水 控油 肌肤清新 舒爽）,薄荷海盐面膜100ml,2017-05-07 19:53:41,涂在脸上凉凉的很舒服，有一个个小的颗粒，洗掉后脸滑滑的，我是过敏肌涂在脸上没有什么刺痛感，很喜欢，就是包装太low了，连个包装盒盒都没有，哪怕用塑封膜封一下也好啊，还好日期都是新的
889740,16000,波***人,【京东超市】英国AA网 AA 绿茶芦荟面膜500ml（保湿补水 控油 肌肤清新 舒爽）,乳香玫瑰面胶100ml,2017-07-06 16:08:22,我是当睡眠面膜用，清爽好用，不油腻，味道我非常喜欢，小孩也说好，不错啊
889740,16000,j***u,【京东超市】英国AA网 AA 绿茶芦荟面膜500ml（保湿补水 控油 肌肤清新 舒爽）,绿茶芦荟面胶500ml,2017-08-11 19:13:41,很划算，日期也新，到2019年，最重要还是京东物流给力，早上下单，下午两点就到了，这么是神速～
问题是标签上写的开盖6个月用完&hellip;&hellip;我很怀疑自己的实力&hellip;&hellip;
889740,16000,螺***o,【京东超市】英国AA网 AA 绿茶芦荟面膜500ml（保湿补水 控油 肌肤清新 舒爽）,绿茶芦荟面胶500ml,2017-06-18 16:32:09,最好用的芦荟胶没有之一，已经是第三罐了，晒后敷一个，平时补水效果也不错，一大罐拿来涂胳膊也不心疼，美白效果不是立竿见影，值得推荐
889740,16000,j***c,【京东超市】英国AA网 AA 绿茶芦荟面膜500ml（保湿补水 控油 肌肤清新 舒爽）,绿茶芦荟面胶500ml,2017-05-15 12:14:39,冲着便宜大碗而来的
气味清淡
产品说明写着15分钟后需清洗 我一般是在这个面?上敷一层纸膜 用的同品牌薰衣草花水 20分钟后用干净化妆棉再沾薰衣草花水把脸上面胶擦拭干净 此时皮肤状态蛮好的
成分里化学添加不少
889740,16000,北铖妄凝,【京东超市】英国AA网 AA 绿茶芦荟面膜500ml（保湿补水 控油 肌肤清新 舒爽）,绿茶芦荟面胶500ml,2017-07-21 20:22:34,心仪好久了  终于等到活动了  AA家的东西几乎买了个遍  真的好大一瓶  差不多可以用一年了  量多活动真的很划算  信赖京东
10632871669,800,j***h,完美芦荟胶40g 三支装,三支装,2017-06-12 22:02:37,一直在用完美芦荟胶，这次看到活动买来囤货的，包装跟店里买的一样，日期也很新哦
10632871669,800,笨***猫,完美芦荟胶40g 三支装,三支装,2017-08-19 19:33:50,第二资购买了，用完了还会再来
10632871669,800,j***j,完美芦荟胶40g 三支装,三支装,2017-07-15 09:32:14,已经晒伤了 希望可以修复
10632871669,800,j***d,完美芦荟胶40g 三支装,三支装,2017-06-10 15:05:33,货收到了?????
10632871669,800,j***k,完美芦荟胶40g 三支装,三支装,2017-07-31 15:59:04,应该是正品吧，相信京东，比外面便宜，大热天的，不用出外，不怕刮风下雨暴阳晒，挺方便的，支持京东。
10632871669,800,j***u,完美芦荟胶40g 三支装,三支装,2017-07-19 13:06:51,产品已收到多天并使用，从网上查了一下，真品这银色的标志不掉色，而这已掉，不知是真假
10632871669,800,s***n,完美芦荟胶40g 三支装,一片,2016-08-06 11:54:17,服务好 很好用
10632871669,800,J***球,完美芦荟胶40g 三支装,三支装,2017-08-15 19:01:18,方便快捷，舒心省心，货真价实，物美价廉，京东购物，值得信赖！
10632871669,800,-***-,完美芦荟胶40g 三支装,三支装,2017-07-26 16:18:22,一直都在用，这个东西，用了好多年了，感觉还不错，以后机关二家店，这家店挺便宜的。
10632871669,800,j***c,完美芦荟胶40g 三支装,三支装,2017-07-19 13:40:20,以前买过专营店的，用着不错。这是第一次网上购买，看着应该是一样的。
12437552465,300,人***我,屈臣氏天丝面膜礼盒32片装 (纳豆10片+芦荟10片+蜗牛10片+赠维C保湿面膜2片) 1件,1件,2017-08-09 13:13:06,很实惠 看着做活动立马买了 平时就喜欢去屈臣氏买东西 第一次在网上买  很满意
12437552465,300,梓***蔷,屈臣氏天丝面膜礼盒32片装 (纳豆10片+芦荟10片+蜗牛10片+赠维C保湿面膜2片) 1件,1件,2017-07-21 10:03:02,第一次购买，还没用，快递太慢了，可能是搞活动的缘故吧！店家人还是挺好的，
12437552465,300,j***6,屈臣氏天丝面膜礼盒32片装 (纳豆10片+芦荟10片+蜗牛10片+赠维C保湿面膜2片) 1件,1件,2017-08-21 10:01:46,真的是太细心了，放了两层气袋，还送了礼物，真的好感谢，还会一直关注的
12437552465,300,蓝***丹,屈臣氏天丝面膜礼盒32片装 (纳豆10片+芦荟10片+蜗牛10片+赠维C保湿面膜2片) 1件,1件,2017-06-27 20:40:07,再实体店里买了的，看到网上有就又买了的，还没用，应该还不错吧！
12437552465,300,m***0,屈臣氏天丝面膜礼盒32片装 (纳豆10片+芦荟10片+蜗牛10片+赠维C保湿面膜2片) 1件,1件,2017-08-07 23:01:25,用了补水保湿效果很好，值得推广好评
12437552465,300,兴***欣,屈臣氏天丝面膜礼盒32片装 (纳豆10片+芦荟10片+蜗牛10片+赠维C保湿面膜2片) 1件,1件,2017-08-11 22:14:09,一值都很喜欢用这个面膜，已经用了好几盒了，
12437552465,300,1***5,屈臣氏天丝面膜礼盒32片装 (纳豆10片+芦荟10片+蜗牛10片+赠维C保湿面膜2片) 1件,1件,2017-07-20 15:24:31,面膜收到了 同事说好用 我还没有用 期待一下
12437552465,300,y***r,屈臣氏天丝面膜礼盒32片装 (纳豆10片+芦荟10片+蜗牛10片+赠维C保湿面膜2片) 1件,1件,2017-08-22 21:25:26,挺好用的，特意用了才来评价，还有消炎的效果，
12437552465,300,别问快不快乐,屈臣氏天丝面膜礼盒32片装 (纳豆10片+芦荟10片+蜗牛10片+赠维C保湿面膜2片) 1件,1件,2017-07-03 10:57:14,一直用的这种       感觉还是不错的
12437552465,300,h***4,屈臣氏天丝面膜礼盒32片装 (纳豆10片+芦荟10片+蜗牛10片+赠维C保湿面膜2片) 1件,1件,2017-08-06 00:06:19,第二次购买，比实体店便宜，面膜很适合我，不错
1192099,90000,u***5,【京东超市】韩束 芦荟修护凝胶180g*2盒 芦荟胶 补水保湿 细致肌肤 护肤化妆品套装,【补水修复】芦荟凝胶180g*2,2017-08-09 10:34:06,晚上下单，第二天上午就送到了，物流就是给力，皮肤晒伤了涂抹后很清凉，舒服。应该是正品。
1192099,90000,m***3,【京东超市】韩束 芦荟修护凝胶180g*2盒 芦荟胶 补水保湿 细致肌肤 护肤化妆品套装,【补水修复】芦荟凝胶180g*2,2017-07-18 15:44:24,说实话这是凑单买的～没用过这个品牌的东西～但是收到后试用了下～?赞～清爽易吸收
1192099,90000,小***嘟,【京东超市】韩束 芦荟修护凝胶180g*2盒 芦荟胶 补水保湿 细致肌肤 护肤化妆品套装,【补水修复】芦荟凝胶180g*2,2017-08-13 22:46:30,用了一年多，我护肤简单，买过很多种化妆品都觉得霜和乳过于油腻，只有这个用着特别舒服。一直当乳液用的，特别好用，很滋润，也不油腻。喷雾、玻__原液、然后就涂这个，夏天加一层防晒。特别好，感觉不堵毛孔，用别的的化妆品总觉得皮肤透不过气。便宜性价比还高，某喵旗舰店断货了，于是来京东囤货～哈哈
1192099,90000,j***d,【京东超市】韩束 芦荟修护凝胶180g*2盒 芦荟胶 补水保湿 细致肌肤 护肤化妆品套装,【补水修复】芦荟凝胶180g*2,2017-08-12 18:20:03,第二次购买了，芦荟胶很好用，敷在脸上很舒服。
1192099,90000,j***c,【京东超市】韩束 芦荟修护凝胶180g*2盒 芦荟胶 补水保湿 细致肌肤 护肤化妆品套装,【补水修复】芦荟凝胶180g*2,2017-07-21 19:00:14,用了两次了感觉还不错，等以后用了再补发评价
1192099,90000,曦***h,【京东超市】韩束 芦荟修护凝胶180g*2盒 芦荟胶 补水保湿 细致肌肤 护肤化妆品套装,【补水修复】芦荟凝胶180g*2,2017-07-25 22:32:53,一直在用芦荟胶，补水修复很不错
1192099,90000,j***u,【京东超市】韩束 芦荟修护凝胶180g*2盒 芦荟胶 补水保湿 细致肌肤 护肤化妆品套装,【补水修复】芦荟修护凝胶180g,2017-08-14 06:30:19,很好用，用后脸不油腻，很细腻，皮肤非常好，已经用好几盒了
1192099,90000,海***号,【京东超市】韩束 芦荟修护凝胶180g*2盒 芦荟胶 补水保湿 细致肌肤 护肤化妆品套装,【清澈亮滑】去角质素70g,2017-08-21 11:02:15,好用，不是那种特别粘稠的，去角质效果不错的，价格不贵，之前用过欧莱雅的，这款性价比高
1192099,90000,j***x,【京东超市】韩束 芦荟修护凝胶180g*2盒 芦荟胶 补水保湿 细致肌肤 护肤化妆品套装,【补水修复】芦荟凝胶180g*2,2017-08-07 21:47:58,这个芦荟胶很好用，以前用过同学的，觉得好用，然后又在京东上买了，非常划算，然后就是脸上有痘痘的话，晚上磨刀上起来就消了很多，以后还会经常来买的
1192099,90000,j***n,【京东超市】韩束 芦荟修护凝胶180g*2盒 芦荟胶 补水保湿 细致肌肤 护肤化妆品套装,【补水修复】芦荟凝胶180g*2,2017-08-17 14:23:44,挺好的，下次还会用，
1439152,340000,1***p,【京东超市】自然共和国 Nature Republic 芦荟舒缓保湿水乳套装,水乳套装,2017-07-09 16:00:47,不油不腻！超级补水保湿美白！
1439152,340000,j***m,【京东超市】自然共和国 Nature Republic 芦荟舒缓保湿水乳套装,芦荟胶3支装,2017-07-23 19:43:02,一直在用这个品牌的芦荟胶，保湿效果特别理想，去油防痘，也可涂抹身上，清爽刺激。
1439152,340000,y***o,【京东超市】自然共和国 Nature Republic 芦荟舒缓保湿水乳套装,芦荟胶4支装,2017-08-09 23:44:17,一次买了两组。真不错。用了一下。挺好的。过几天在评论。
1439152,340000,不***手,【京东超市】自然共和国 Nature Republic 芦荟舒缓保湿水乳套装,芦荟胶2支装,2017-06-12 16:05:49,帮朋友买的，用的很快，京东搞活动就是便宜啊，很好用东西很好，一年买好几次
1439152,340000,M***n,【京东超市】自然共和国 Nature Republic 芦荟舒缓保湿水乳套装,芦荟胶2支装,2017-06-12 23:08:33,还没开始用，这也是第一次买这种产品，以前都没有用过妮维雅的护肤品系列，也不知道怎么样，但是有朋友推荐这个品牌，所以每样都买了点试下效果。量非常多
1439152,340000,天***6,【京东超市】自然共和国 Nature Republic 芦荟舒缓保湿水乳套装,水乳套装,2017-07-05 10:25:03,这个还没开始用，芦荟胶已经用了一段时间，感觉还不错，保湿不油腻，适合夏季，自营旗舰店，比较放心。
1439152,340000,蔡***敏,【京东超市】自然共和国 Nature Republic 芦荟舒缓保湿水乳套装,芦荟胶4支装,2017-05-27 23:11:40,喜欢芦荟胶，喜欢京东的快递，就是不懂辨真假啦啦啦啦啦啦啦啦啦啦啦啦啦啦啦啦啦啦啦啦啦啦啦啦啦啦啦啦啦啦啦啦啦啦啦啦啦啦啦啦啦啦啦
1439152,340000,c***3,【京东超市】自然共和国 Nature Republic 芦荟舒缓保湿水乳套装,芦荟胶2支装,2017-07-13 14:34:50,以前买过的，挺方便实用的，打开之后有一股淡淡的清香呢。个人感觉夏天用还是蛮合算的噢，补水效果没有普通面膜好。价格美丽，就是物流慢。
1439152,340000,z***9,【京东超市】自然共和国 Nature Republic 芦荟舒缓保湿水乳套装,芦荟胶2支装,2017-08-01 23:33:53,晶莹剔透。。。。。。。。搞活动买的。。。。。。。。一下买个六盒，太划算了。。。味道好极了。。。。送人了几合，都说用着好。。。。
1439152,340000,蔡***敏,【京东超市】自然共和国 Nature Republic 芦荟舒缓保湿水乳套装,芦荟胶2支装,2017-05-27 23:13:26,啦啦啦啦啦啦啦啦啦啦啦啦啦啦啦啦啦啦啦啦啦啦啦啦啦啦啦啊啦啦啦啦啦啦啦啦啦啦啦啦啦啊啦啦喜欢京东的速度，就是不懂辨真假
4895910,3400,黎***棋,悦诗风吟 Innisfree 济州岛芦荟焕活舒缓凝胶300ml（17年AD版）,芦荟舒缓凝胶升级版,2017-05-23 20:30:59,好大一瓶好惊喜。瓶子是软的。用了清凉清凉的。挺好用的。
4895910,3400,蒋***文,悦诗风吟 Innisfree 济州岛芦荟焕活舒缓凝胶300ml（17年AD版）,芦荟舒缓凝胶升级版,2017-08-09 17:13:58,无刺激 无味 有一定的舒缓作用
4895910,3400,蒋***文,悦诗风吟 Innisfree 济州岛芦荟焕活舒缓凝胶300ml（17年AD版）,芦荟舒缓凝胶升级版,2017-07-20 20:04:30,一直用这款 习惯了 囤货
4895910,3400,念***子,悦诗风吟 Innisfree 济州岛芦荟焕活舒缓凝胶300ml（17年AD版）,芦荟舒缓凝胶升级版,2017-07-15 08:15:38,沐浴后保湿和晒后修复用的，自然乐园实在用腻了，而且管状的使用比敞口方便，缺点就是贵，这牌子专卖店更贵
4895910,3400,w***5,悦诗风吟 Innisfree 济州岛芦荟焕活舒缓凝胶300ml（17年AD版）,芦荟舒缓凝胶升级版,2017-06-29 22:59:53,很大的一瓶，搞活动买一赠一，很合适哟，各种买买买买买买，还没有用，具体效果还不知道，不过看着还不错～
4895910,3400,果***y,悦诗风吟 Innisfree 济州岛芦荟焕活舒缓凝胶300ml（17年AD版）,芦荟舒缓凝胶升级版,2017-07-17 09:57:58,真的是超级大一瓶，还可以享受白条三期免息真是太棒啦，用着不错！！可以用来晒后修复。
4895910,3400,j***m,悦诗风吟 Innisfree 济州岛芦荟焕活舒缓凝胶300ml（17年AD版）,芦荟舒缓凝胶升级版,2017-07-20 11:36:19,超级大一只 最近脸过敏 买来晚上放在水后面涂 感觉能用好久好久 也可以当身体乳用应该
4895910,3400,j***7,悦诗风吟 Innisfree 济州岛芦荟焕活舒缓凝胶300ml（17年AD版）,芦荟舒缓凝胶升级版,2017-08-10 12:35:19,京东自营一向很快，而且绝对的正品，涂上感觉清清凉凉的，之前也用过自然共和国的也用过国货完美芦荟胶，化妆品嘛，总要时间久才能看出结果，一直用完美芦荟胶，这次想尝试一下，看看悦诗风吟家的芦荟会给惊喜嘛
4895910,3400,j***a,悦诗风吟 Innisfree 济州岛芦荟焕活舒缓凝胶300ml（17年AD版）,芦荟舒缓凝胶升级版,2017-07-11 11:50:28,超大个了，拿到商品吓到，太大了，没购过这么大个的，挺新鲜!
4895910,3400,纯***良,悦诗风吟 Innisfree 济州岛芦荟焕活舒缓凝胶300ml（17年AD版）,芦荟舒缓凝胶升级版,2017-06-18 12:18:05,绝对惊喜，好大的一瓶芦荟胶！这次618，攻破了Innisfree 家的好多东西！
10550395479,5200,阿***3,【买2送1】去黑头撕拉竹炭面膜√补水保湿√清洁毛孔√去粉刺√男女通用免洗面膜泥,,2017-07-29 21:49:33,今天晚上收的货！给爱人买的，希望质量好，还没有打开看看，以后评价。快递服务态度很好！今天晚上收的货！给爱人买的，希望质量好，还没有打开看看，以后评价。快递服务态度很好！今天晚上收的货！给爱人买的，希望质量好，还没有打开看看，以后评价。快递服务态度很好！今天晚上收的货！给爱人买的，希望质量好，还没有打开看看，以后评价。快递服务态度很好！今天晚上收的货！给爱人买的，希望质量好，还没有打开看看，以后评价。快递服务态度很好！今天晚上收的货！给爱人买的，希望质量好，还没有打开看看，以后评价。快递服务态度很好！今天晚上收的货！给爱人买的，希望质量好，还没有打开看看，以后评价。快递服务态度很好！今天晚上收的货！给爱人买的，希望质量好，还没有打开看看，以后评价。快递服务态度很好！今天晚上收的货！给爱人买的，希望质量好，还没有打开看看，以后评价。快递服务态度很好！
10550395479,5200,E***P,【买2送1】去黑头撕拉竹炭面膜√补水保湿√清洁毛孔√去粉刺√男女通用免洗面膜泥,,2017-05-13 17:17:41,敷后水嫩细滑的，按照说明书用了几天真的感觉很好，涂在脸上温和不刺激，撕开之后真的很震惊啊，吸出了好多脏东西啊，皮肤都清爽了好多，很相信它的效果坚持用下去皮肤一定会变好的。
10550395479,5200,b***9,【买2送1】去黑头撕拉竹炭面膜√补水保湿√清洁毛孔√去粉刺√男女通用免洗面膜泥,,2017-05-17 17:53:50,活动买的，还没用，不知道好不好，先给个好评吧！用了再追评！
10550395479,5200,j***d,【买2送1】去黑头撕拉竹炭面膜√补水保湿√清洁毛孔√去粉刺√男女通用免洗面膜泥,,2017-06-08 23:18:18,产品很好和网上评价的一样，涂后效果也挺好的，黑头白头一下没了，质量真的很好，店家服务态度也是非常好非常满意，物流速度与配送员服务态度也是非常的好，心里美美哒，总之是一次非常愉快的购物，京东质量就是好，祝卖家生意兴隆，财源广进，生意红红火火&hellip;&hellip;！！！
10550395479,5200,j***m,【买2送1】去黑头撕拉竹炭面膜√补水保湿√清洁毛孔√去粉刺√男女通用免洗面膜泥,,2017-07-21 20:28:29,效果不错，用了感觉不错的！价格实惠，棒棒哒！配送速度很快，非常不错！
10550395479,5200,k***t,【买2送1】去黑头撕拉竹炭面膜√补水保湿√清洁毛孔√去粉刺√男女通用免洗面膜泥,,2017-07-20 21:52:35,没有反作用，去黑头，都清理z干净，用完后皮肤好好，会变白
10550395479,5200,j***h,【买2送1】去黑头撕拉竹炭面膜√补水保湿√清洁毛孔√去粉刺√男女通用免洗面膜泥,,2017-05-13 16:39:30,收到宝贝了，包装很精美严实，卖家真的做的很用心。产品也很不错，用了几天真的感觉很好，涂在脸上温和不刺激，撕开之后真的很震惊啊，吸出了好多脏东西啊，皮肤都清爽了好多。
10550395479,5200,萌哒li丽,【买2送1】去黑头撕拉竹炭面膜√补水保湿√清洁毛孔√去粉刺√男女通用免洗面膜泥,,2017-05-21 14:59:43,昨天到的，今天拿到手，还没有用，不知道效果怎样，试试再说&hellip;
10550395479,5200,j***b,【买2送1】去黑头撕拉竹炭面膜√补水保湿√清洁毛孔√去粉刺√男女通用免洗面膜泥,,2017-05-18 14:18:15,货到了，挺快，二赠一，原品，实惠超值，还没用，看上去不错，哈哈。
10550395479,5200,j***e,【买2送1】去黑头撕拉竹炭面膜√补水保湿√清洁毛孔√去粉刺√男女通用免洗面膜泥,,2017-05-17 23:07:53,包装不错，味道很好。用了再补黑头和螨虫的尸体照片。
